9.989756650871703,6.4965314400205605,0.8682308262886863,8.139284118972652,5.491924727390162,8.52491197837764,0
9.22766228328043,5.980627699561196,1.3312646950548372,8.31167650617861,5.728788593844635,8.713982352778977,0
9.61738043907195,6.338466076206572,1.7945754675582082,8.255430608154626,4.875952240459157,6.360215531304008,0
8.486248024061016,5.9335625634339415,1.0013540655957105,9.132021570552597,5.136507540334975,8.88988568394736,0
8.946090062560144,6.908474476055405,1.7816947427491796,7.892509592510192,5.38185168082212,7.72016446395257,0
9.227435331559176,7.260039233183894,1.0645131012957525,9.003055257863462,5.478362215070929,7.884025110079247,0
8.366893409589876,6.861882551669877,1.7424920952202747,8.776147237699673,5.707154151504363,8.6366373930195,0
9.36737628519817,7.211143087230092,1.9098522759532977,8.670876688482709,5.443766672306612,7.775557997559633,0
9.572755089755896,7.07180894456139,2.4860277769757406,8.095527019221525,5.0075627818605835,8.359948070900481,0
9.135334799053998,7.09967067212126,1.7030684457445882,8.820031897285824,5.265687020730727,8.64339954426032,0
9.612278346453351,6.450800398861623,2.5915446486379423,8.250396943994875,5.477328785336397,8.274993064101317,0
9.680674933400649,7.287816816176027,1.1523359550515453,9.012814878982404,5.171876714787461,8.196370340355088,0
10.212423908214285,6.5251360230876925,1.7052648780315292,8.642942559249573,5.67293120392925,8.543979059021844,0
8.925429676544592,6.768413130476492,1.5359474294032627,8.360211929276463,6.122660412468038,8.374514160994561,0
8.906798388010493,6.908473000807334,1.7943976647351687,8.150182844214815,6.111504041995721,8.906724971389547,0
8.979112546528885,6.737860114644945,1.3178877820760357,8.670968691981717,5.335377760827341,8.739027184018816,0
8.289828824131023,7.162157626227059,1.4312474946285412,8.607421552100133,6.024098977350781,8.095829597277064,0
9.836094427744257,7.246188413044253,1.8853981700312261,8.129315608235224,5.60312017898604,7.417771107033296,0
8.88774370580027,6.491478949539773,1.4406374067531622,8.835421018344352,5.55427845912755,8.768652219787178,0
8.853748852372,6.105546880891868,1.8923258891816006,8.357901064232054,5.568562463487263,8.399813635085534,0
8.340685864026854,5.499724768387653,1.617082665802185,8.430098443919325,5.440731258774451,8.744583694536876,0
9.477468935309634,7.1240120957247,1.6039941493723746,7.925558305742947,5.018759933244176,8.128559389492235,0
9.057093876257749,6.379614171632409,2.0821030863597914,8.378982553228626,6.474698689179431,8.502934217794186,0
9.297846258750749,7.03556886476474,2.220581935528794,7.9815769276619255,4.884007428274458,8.132649668800068,0
9.257336827634328,7.313205033690271,1.2250144839464099,8.387497193284785,6.313382815772583,8.247183409075259,0
9.041712867881694,6.957746047537326,1.2036578835732694,8.412985628979145,6.170804993414065,9.076660851679707,0
8.455222804368915,6.26233636337013,1.5508703030950843,8.127530662971948,5.748750666842994,7.344149454626549,0
8.161028698013405,5.927698535459511,1.4565140979773055,8.010518197111427,5.350761406568937,8.536639580133988,0
8.880712795765588,7.129259078055319,1.584729431523896,8.766378404210316,5.162781547605229,8.41228975858053,0
9.51651312574276,6.5781467496776,1.153286344388381,8.206261387016747,5.219899992652764,8.202200608175023,0
8.604648386866733,6.481574187829652,1.1301500991101252,8.78906058722522,5.082868890185754,9.16842180686539,0
9.099349677105199,6.914469905565005,1.539867044968975,9.058060355246932,5.345792454581254,7.868023596407203,0
10.110654089623376,6.692537720452852,0.955341391854835,8.274720630008648,5.800737482626737,8.963067719455834,0
8.897450350236749,6.83390966760169,2.1150481462532245,8.972519088698746,5.317080024346999,8.494386896444462,0
9.522577181575262,7.208023894918625,1.7019085108191425,7.837743289957109,5.442792396188787,7.926668342993699,0
8.883218753153594,6.509945967858556,2.0368026827413694,8.078792106311683,4.952599186972472,9.085387201721653,0
9.162743512510568,6.493381032930643,0.9698307564334288,8.277950134691986,4.662178062132495,9.031659653795323,0
9.529712869821967,5.8317095474534,1.653506918498735,8.246651357679239,5.47928992874581,8.132317781528464,0
9.01887383031067,6.062598161782574,1.4401982845147183,8.028956202190791,4.6766333260609505,8.56031955571212,0
9.153380718736361,5.902382334189571,1.7297018580316732,8.178615957666967,5.283000625953983,8.679230026647842,0
8.361799435127029,7.462361719390227,1.9015817573576013,8.217030710355655,5.991737807241092,8.728333471732045,0
10.023943443226946,6.682606609544074,2.375539949177608,8.662513095649212,5.69643568412984,8.680483222821286,0
9.40613595987594,7.041820161778768,1.622427637356475,7.414776087896042,5.241276272348393,8.85049620452957,0
9.307041407154736,6.570601629289489,2.0451909706947595,8.28842876419123,5.665102592352133,8.769970252849543,0
9.120072386027555,6.470460979824558,1.2430240170928861,7.990005450307061,6.3870626292773025,8.265649923489097,0
9.154401171162414,6.362165773942005,1.860249882588748,8.215123577826859,6.01124327979744,8.763479069683443,0
9.691876104183319,6.792148151614164,0.6781674500134403,9.437601484748065,5.740117590092618,8.528951360564355,0
9.003472910279132,6.727354945420107,1.7585888176803997,8.865276737096657,5.674143080474539,8.634062318457952,0
8.926739514079465,7.2109908144267,2.4479583489879926,9.165533839540963,4.306428934395794,8.077660656690586,0
9.053123850550197,7.067658461014159,2.1786033339720174,9.269887817168566,4.974822420840829,8.713316457094614,0
9.701497307575819,5.400587089341378,2.163447316837177,8.381635709875827,4.573163623550176,8.13032000637369,0
9.062892699769854,6.731879474596776,1.7902262119193209,9.30791805226899,5.219052620110088,8.9163185753303,0
9.66081714574439,6.9211796040477696,1.6808171946295085,8.751709467880687,5.701764704239564,8.66587554346646,0
9.756656244160508,7.189703348396626,1.744829023853301,8.368875486703988,5.83751279963886,8.78788599311849,0
9.4951587262945,7.117640528852182,2.1340277651391215,8.405925217948242,5.934447434412271,7.7333863850593065,0
9.4957790467894,6.5241753646573635,2.4879253874430063,8.211291040260098,5.447212641694327,8.167761618564546,0
9.987249908401685,6.918894424241882,2.4453116877844714,9.222350923013785,5.350883709926187,8.202433767691684,0
8.46091046130871,6.969211044608014,0.9752093127818149,8.459396906440617,5.648280205955488,8.922161584977225,0
9.343828462005467,6.887712750724932,1.720606190498261,8.34989843381387,5.208003903398347,8.37257616631097,0
8.540205745508421,6.882704603697184,0.9983143427288028,8.468462671572931,5.7717269267366555,8.448198223173442,0
8.721893712074218,6.535789384444826,0.8272876178516066,7.505937071747655,5.59110578172652,8.555525603746776,0
8.860587116971244,6.38124687747582,0.05613496371325111,7.711605750777897,5.8824388682632724,7.730094120960618,0
9.134892382794206,6.817723188415858,1.5121995725667488,7.664471843802578,5.8680603785767085,8.566144307456486,0
8.905510203242626,7.596139138780264,1.7108538001254052,6.991801904208744,5.2819972305340785,8.995098128375433,0
9.527655121847467,6.311025805121735,1.3625216822329262,8.986933610042133,5.814153624364683,7.831915275853653,0
9.181583947072866,6.828360839321893,0.47532948932858554,9.143594356592823,6.097135772449921,7.42944776975437,0
9.39327611411316,6.518065011697034,1.1614469999112407,8.324716431006326,5.553224990097085,8.459871649280378,0
8.311574344657489,6.951672172001739,1.7969746779461158,7.956314432271846,5.186036677841715,8.970890451258864,0
9.603534168266064,5.858050191184005,1.1836745009534282,8.442542999806745,5.967033624202557,8.567333960407362,0
8.923721917050933,6.722494429510364,2.274846601493957,8.803442007206602,5.402672218723284,8.604533946409747,0
10.196036394202785,7.542485134831405,1.3037028228113245,8.58631412410823,4.208384319232689,8.958551819603692,0
9.071935860554074,7.642467726053157,2.0028073815907277,8.806038878611199,5.535735692137005,8.52953126231417,0
8.128723463522945,6.261751142527009,1.4840802787310878,8.521690689783194,6.664750816983547,7.638070036449804,0
8.934794973062065,6.053310184775262,1.687645062686374,8.485428509423711,5.095251337218162,8.285740857556753,0
9.207065739426092,6.563137074135514,1.4336063509138466,7.427022187762658,5.588576072978615,8.08181731376875,0
8.546407481804113,6.811727294327303,1.6125322653072738,7.813335954300167,6.065047556593147,8.514095258989625,0
8.625762959132022,6.79342784433438,1.8573992942598088,8.55469384860744,5.87027753051966,8.220659996743128,0
9.800525401576628,6.653367981198019,1.6806624460080581,7.295193448044331,5.458677929601983,8.512238345837062,0
9.25420684244201,7.119598603739112,1.722193519345163,7.740828468855804,4.937963437572497,7.822975447086335,0
9.4358862449937,6.349031678289309,2.506832998281616,8.444487043414442,5.491406385895853,8.299409131409769,0
8.979466615925384,7.031305320153362,1.3694411758581628,8.139980884435907,6.106700919752588,8.090746503196199,0
9.761799554412015,8.11352012037116,2.445472354209753,9.205954831347608,5.604625537879561,8.810542615592835,0
9.445091283463336,6.531624990036451,1.1810179168159904,9.005015129789054,6.4100652514930285,9.177393273916806,0
7.945615106755563,7.534834456847961,1.2071919703668894,8.60698310139126,5.355618686802727,9.218283993948784,0
9.530425711104302,7.0629614123771,1.1409561453066137,7.990652095670962,6.0606050499415325,8.876582598917823,0
8.670674250278253,5.631320989052342,1.2951582570154816,8.87586320819298,4.914051823687965,8.705912659766126,0
9.092144525098172,6.113522219684602,2.341654877398213,8.88292549307861,5.932725025853409,8.35127969503792,0
8.727230629461081,6.5863618342185255,1.5844882726725553,8.382005557325973,4.556437486772802,8.50396742376747,0
10.03060965615569,6.679558052218969,0.7904901029655821,8.250401776069651,5.539065326047707,8.351769223925215,0
9.474394795910442,7.074990522717445,1.4554493236354302,7.982279157418486,6.485330484790549,7.852359880771177,0
9.888028352137482,7.122969191891586,1.5015511382491329,9.179327713240944,4.669991104436121,7.2881298057022015,0
8.607407813457847,6.433935897876672,1.9585395633908944,8.009265241798769,6.206904372389114,8.585259350038676,0
9.35348684384053,5.768319998542557,1.3398500750407805,9.138866586599868,5.366186498484952,8.361394223541097,0
9.824175140151336,6.8006115614831675,1.3914841451705824,8.000709950814269,5.275811777199156,9.877284200802293,0
8.773608204328246,7.026036360942445,1.9220777605501551,7.907032614005397,5.432559282758726,8.577824979166552,0
8.559161961656466,6.095982425981451,1.0785090671872106,8.930635978317511,6.120921125224243,9.222290548595,0
8.495767331784503,7.229673734002145,2.2416575385541546,9.064633484765075,5.972928696264308,7.827329920076517,0
8.594703816216644,6.411425145579002,0.9045138886075029,7.8998058823157855,4.670064409655703,8.682609896886046,0
8.90293572298121,6.2338537635878435,1.7919852344897433,8.959077533872653,5.390835982284144,9.477578232963761,0
8.459014766932087,7.088416577166617,1.1669613520358786,8.855133142869358,5.1723673634882275,8.318292906347276,0
8.338960311457207,6.7246053971711275,1.989646629530461,9.03826395333914,5.4755784693488385,8.522271512758584,0
8.84570344267148,6.086697258844998,1.97066989025883,8.613157644988823,4.3813788746508004,8.900403050216587,0
9.944723526770176,7.065795478236266,1.835135071505126,8.101379925137937,5.598684818545496,8.273990008887846,0
8.811125708057784,6.789266850271341,0.999634165980533,8.190892828306986,6.045097568702602,8.960266492891785,0
9.57504120056787,5.566800251249314,2.283226509916976,8.170126685116887,6.665455088502949,9.584052573545607,0
9.14367327130277,5.658735896187851,2.3588756983384527,8.688178456967215,4.513686972740186,8.363112051646064,0
10.381945357555047,6.4143567244353985,2.0702686106177137,9.289271499823476,5.93980547571013,9.40094926427209,0
9.192985889374102,6.8431131663623015,1.4729295933992423,8.746345034023776,4.817465085768864,9.7044284931534,0
8.848836028183117,6.276479750674278,1.3083593770714417,8.796017994204888,6.137489524681873,8.454526197748502,0
9.135652427733097,6.898588394114425,1.3098717678709262,8.224485423877223,4.850868508199622,8.530505305591621,0
8.898222108135677,6.932298794990345,1.5224935680957488,8.015449715830826,5.175547299969476,9.129315593695202,0
8.92466561004083,6.094354133632968,0.8596731452692983,8.82279497274465,5.432818388372695,8.606635226452978,0
10.133231807696033,6.6409732321385775,1.8772514409221175,7.836381253286488,5.368158011249852,8.532723556444695,0
9.272584095954002,6.716563929214838,1.1444337277208094,8.67718882547413,5.562856720140808,8.312495353944634,0
9.265753932738907,6.549920619720292,1.1462598855355899,8.840651358335247,4.913512404226725,8.791874427498923,0
9.719664564846397,6.864107343184607,1.3195294368249857,8.206094396402989,6.3437416682018934,8.265961117669324,0
9.604762545303045,6.164214338239338,2.1202099261797054,7.958262222646549,4.681792388555687,7.247732020804655,0
9.342679316995172,6.369814775979462,1.1314126918246536,8.249296595471108,5.344058279838919,8.354973136622249,0
9.476465448007925,6.436591250314747,1.8435352843413348,8.62901773320352,5.2790626545197075,8.222482668807345,0
8.134458535577314,6.918199471823317,1.9742874710931897,8.40402276197914,5.781985913760497,9.096890943421604,0
8.668742785320479,6.630887612506032,1.959563576624881,8.169818194321724,5.903624197327068,8.404491450911928,0
2.0076914602292204,1.603129048230652,4.249442221347555,3.962860948781544,-0.14410564907854773,1.0678735556063856,1
2.004958844034122,2.2684328532352303,3.8216346057209982,3.8438186103942176,1.184682766273898,1.757316445843363,1
2.2671124567404606,2.6921641594909804,3.911689336805516,3.334387103597684,0.5029788232574557,0.4956860348358928,1
1.7027282041412548,1.7473597638910248,4.017410809230532,3.938978965606139,0.7668511188420537,1.11245487846387,1
2.5324284131407784,2.207845762048544,4.775998434277109,3.2965253943395663,1.7040895783924597,0.45143108045335745,1
2.179880935391171,1.5562711330999541,4.014756815382761,4.460320244767935,0.24882750209499171,0.5745343704241941,1
1.384020363536432,1.827124165219953,4.767218485863332,3.9360287419801,0.9786505790292563,1.128628065966483,1
1.4740827806127277,1.7901750393095943,3.5368747387963255,3.867027598089986,1.7351625103291477,0.9728907373580253,1
1.7344263975082563,1.9240149593452676,3.609587280423352,3.367299121781992,0.5249774034701965,1.2676605818880078,1
2.4059360198656567,2.7311438056357007,4.015503284642746,3.7641988291438513,1.2438569061291367,0.31705012488027196,1
1.7395346913375094,1.8521688094252438,4.359575113631431,3.6986221181740655,2.013979803019815,0.8884598339246566,1
1.3400905762534974,2.1809630935255804,3.6761194690287953,4.30204570114515,1.6366789472989578,0.9283238650376711,1
1.664401621753686,1.84158082282302,4.501289056205629,3.540470193728309,0.4377828519570368,0.9417715432810697,1
1.194944246379056,2.9326448725244427,4.038389058045499,3.6587298078872212,1.8951788602523587,0.817307285126912,1
2.414656307204101,2.149398332249252,4.306059927667058,3.979001664581183,1.7633435794615673,0.9393374164086904,1
1.4871806991036216,2.344091992265097,4.04505274426386,4.197869348080597,1.1616009165156809,0.4101237119336559,1
1.371584245413531,2.4998420394068983,4.649541683005881,4.284709256195494,0.890758610406012,0.9756828145377882,1
1.7783429568956852,2.260043033591777,3.9145779848597027,4.449264052436031,1.4879231045254833,0.49468425525211845,1
1.1130793664733711,1.698532728454158,3.292236861247633,3.6968484146728953,1.0626397727809629,1.093210881757789,1
1.858505952528107,1.979350010354422,4.09994680286193,3.791811073501692,1.148463353915428,0.6578517408182165,1
2.709864455507702,2.0627574388016354,4.0322498465182335,3.162082062827488,0.34920018630477434,1.0412895571356522,1
0.5932546758135768,1.439907482055862,4.302570051497025,3.853307983377649,1.2475102901888564,1.1615472889583893,1
1.5973481003998056,2.005070357066531,4.651272652927102,4.035808603358181,0.8207406420596546,0.3908132983379111,1
1.3305087866678533,1.8090121132556238,4.87735397946985,3.617564425462986,1.7393465804547792,1.3680140743500737,1
0.977360838039766,2.262292147311328,4.644711452378119,4.652144488955547,0.8012662169842615,0.7463955669111813,1
0.5868991578660663,1.62786117876098,3.6834141859501193,4.05279349631493,0.7526062414430771,0.15378442024462147,1
1.824326021564902,2.198650377292611,3.6151468068256505,3.96824093007112,2.1443587720478114,1.6389662650646843,1
2.01968629405944,1.8647372234379156,4.400725789319495,3.8922203086804785,0.5272024697074756,0.6659813347090271,1
2.049235772947918,2.8656252641541142,4.086064314374016,5.081129038527008,1.4732462103940387,0.420113653712034,1
2.38835895004704,1.5183626291980108,4.472674336096993,4.388701898388319,1.1120605311888474,-0.13452875708064782,1
2.10169458631965,1.7985046846919432,4.26779894318409,3.2168292516083445,0.9304927187097219,1.472821656452627,1
1.4353022229406827,1.8129577611180536,4.365140223119089,3.5798855557097915,1.534766828140002,0.7217129951838199,1
1.7205701380638068,2.1438043927661092,4.161727479784374,3.518149096358057,0.5944451244757197,0.8255506683232537,1
2.151135647873592,1.1959774238861807,4.300958888496562,3.559771695028818,0.7862716020511148,1.2860178499002102,1
1.6577838165448961,1.5458005120255658,4.131666833456809,4.323410208210095,1.9718287269840493,1.9502539547354167,1
1.4817277212984803,2.1663845940027313,3.6012535588371346,3.277753746743519,1.3698231553902536,0.6906248496025005,1
2.2960489453158788,2.856058501559839,3.1129376907946673,3.35960097711314,1.7722661202229852,0.7412398487218337,1
2.1254219241651597,1.4843081125836326,3.9614956035413353,3.2830465433960736,1.3720408067776573,0.7914995432523614,1
1.6624299691037312,2.475755611692293,4.4081037318636636,4.1846972968187055,1.17840937808915,1.1518517754777138,1
2.0381727248436317,1.316748589260512,4.7477582190859335,4.126211702619286,1.8173029368109392,1.4633564854711723,1
1.472313004374724,1.683083065321912,4.124901038128959,3.736438821879198,1.1500611452588998,0.9693717808009007,1
1.162701104298246,2.083091586885584,3.6141712451466184,4.398935634747529,2.416726091412185,0.7769233343139968,1
1.705731214749877,1.974778498229194,4.262347639860687,4.520113034649383,1.9208812626656921,0.4252556675632136,1
2.2817434775451106,3.0627487525997705,4.443041795033958,5.016131625155839,2.239183714383502,1.3421703198922073,1
1.4612965220195298,2.573045421555522,3.6360249703210714,3.570707046579033,1.1857443689223452,1.2732043175101668,1
0.8541979743463003,1.4709900980528694,3.748026850443516,4.478959132455625,-0.06981626101290805,1.0289139413177333,1
1.905394544045818,2.4458679550229365,3.9037697541724716,3.620693943717313,1.5871912636279748,1.0602026665188606,1
1.174310800688187,2.474341396969268,4.8679831501938535,4.086576461255856,1.212160106757686,0.274042447628721,1
1.3681754678630234,1.4990377249192424,4.573677589487673,3.9310297778008234,1.1729143971414175,0.27214178120477883,1
1.90716955149918,2.6641869484986245,3.8687985877834663,4.343186961927117,1.7836773132306911,1.1309362659242999,1
1.7605930434104118,3.2739413255872893,3.848520919943629,3.4789320572093736,0.9492433603258558,0.8271449089383038,1
1.8779362729556732,1.9469602098411454,4.4603956190365555,3.863252147468936,1.0481207802503514,1.3045170555003809,1
1.445125648806799,2.00591418165492,5.782911383126469,4.062359052198722,1.5334091549650797,-0.1714956804010579,1
1.2539792033795802,1.6419718440198317,4.525727864918004,3.829232998497656,0.9645407831678123,-0.0897224358499139,1
1.4523376928680525,0.6886066414212799,5.115899829257309,3.891838822659017,0.9944686994051717,-0.032182347621921514,1
1.499564512829361,2.092081841706797,4.317737389456225,4.300142413410583,1.4968535055952952,0.971557439934788,1
2.547983000587582,1.2844189201807847,4.7341699509753745,3.8478684023319367,0.8766912859830988,-0.26741139565023375,1
2.407699728276616,2.0891457211344826,4.812456316213969,3.349623847321306,0.8107871972587727,0.48442983130155215,1
1.082688313931358,1.9898149120846345,3.366934562934598,3.9828766752201985,1.528941840473326,0.7564993891319568,1
0.8081458070097687,2.1678432541579733,3.4668237643956994,3.700146185839269,0.9776641012886962,0.1953950703370827,1
1.2012977761727544,2.093133925407169,3.8505088628662216,3.792067052188571,1.7600695903920225,0.2650929287270182,1
2.149151668473121,1.9313672622209892,4.555578040404923,3.519756688382129,1.3584196366648975,0.17714632194479074,1
1.5072566748468887,3.218088650282234,3.9485956992860527,3.6544656889795184,1.7593345495727581,0.5529104826806444,1
1.0966233116747108,1.6106730037078025,4.512169660501423,4.362619587775732,1.147048269272056,0.11395457720460977,1
3.0532645618890673,1.3542887108694286,5.083551095702307,3.7056336276714723,1.3264667328043862,1.190802507322894,1
2.955534689837508,2.049111043616381,4.404825671272098,3.6396251122444876,1.4499373591708138,1.159632358034069,1
1.726874448581628,1.46296713911142,4.009332325738832,2.32247806502762,1.0314969778321617,1.414659344579396,1
1.6696798206145917,1.091350732848774,3.550023847064348,4.176914482257795,1.4765488138118947,1.3432595065442192,1
2.6224073101344434,2.5871568773753437,4.6519190619509,3.516598128024478,1.2249715809739303,0.6680887916629565,1
1.5862649271218245,2.115947951690474,4.27465851748762,3.6996233599965516,1.5155416316035573,0.39042841797928046,1
2.3742303559925766,1.4231178511466998,5.252062797537557,4.024777650147742,1.4719628153576265,1.134401254223676,1
2.369635752652975,2.1036835998577263,3.867528423109192,3.597925450711882,2.11037984051725,1.4558625753844914,1
0.9801238655561328,1.297593551592668,4.154044833134002,2.8367792269112737,1.1718796514256744,-0.017481124958316885,1
1.5008940362324579,2.7491365805219,4.1512905533059525,3.7479103857188507,2.0193441407572115,0.5674337628613262,1
1.6876310564804207,1.1595705432084094,4.060666353143335,4.058905320105504,0.7071145443917609,0.46951358391323467,1
1.4407904804925173,2.4847957686590703,4.155844733083914,4.168901024290834,1.8284045815079644,-0.29378981958608663,1
2.041275341577411,2.4400984805400863,4.268929658826626,4.82246233973474,1.0526512872411309,1.058535161174758,1
1.3965406946736736,2.7970391994597645,4.729428184249887,3.2351569536974925,1.9112716925175215,1.826467592398312,1
2.242668504949207,2.751573136234594,4.764926764298952,4.408017556411657,1.337057264934636,0.9777156841794075,1
2.143070784677953,1.7935568854289003,5.009874474415833,3.499407959107884,1.763419568691011,0.7023239118373013,1
0.9030724459896983,1.9424095907480081,4.042781657582335,3.881114422044232,2.0533597584229404,1.1135146727783973,1
1.793505378631095,1.4633219068186942,4.8868944953383755,3.4207742902899128,0.9299411338116677,1.205112848202656,1
2.4792151969777674,2.900740751554145,4.959240931840838,3.9320860267659574,0.6371022027845796,-0.11863667521889176,1
1.1101130456804489,1.0208590497076693,4.037041643500007,4.102467169148007,1.0351103685051066,1.1887076952052444,1
0.44588473057029643,1.5453140949613013,3.79201292909885,3.788418448427662,1.002586391482301,0.9999973901797464,1
1.720774519249619,1.8796249198144932,4.817414983732805,2.8355628104885238,1.8233731489628093,0.8471051358329291,1
1.7801038982481847,1.3915619972137065,4.840157403324819,3.77402036957095,0.9016326178830858,-0.01935364042109,1
1.4036886662294763,1.7930684865643336,3.6992507230539804,3.2687794254307097,1.3470555295565585,0.6607487802022761,1
1.7803233262233973,1.902417690163216,3.9211356759444933,4.302191082718994,0.31876982801378095,0.8608578370920411,1
1.871143161707776,2.3315301207736248,4.294342875578899,4.480761411510989,1.6179585663411076,0.9848916408671746,1
1.2498476477199394,1.9564170838077615,4.125726811690728,3.5855806210743078,0.7739057949823915,2.0839407919140314,1
2.1218493980318947,2.951284155728209,5.096456713593466,4.3739116942607215,1.3289306581804299,0.19762749814436353,1
1.8895639189737736,1.709952180581412,5.3184852063362325,3.858904166020503,1.2061452703128053,0.1332228213944926,1
0.8995393432586802,2.075644725836845,4.223607465906419,4.347606045850751,-0.28721885909378697,0.45864779151426976,1
1.2124716827042086,2.279560016759888,3.9516681112929697,4.422794715614122,1.303381665543358,0.9301807471494293,1
1.8497805835094785,1.1514723992979428,4.634521879124818,3.6395598479421176,1.9259417762446127,1.1645016335677918,1
1.4068138385126714,2.38998655422712,4.8864757729458725,2.5274819201307297,1.3788908786406662,2.04537493422713,1
2.7429688310514804,1.7859217387666904,4.261724840991539,4.185944236216482,1.2826584704799262,1.064093601136275,1
1.4369436399964288,1.8526209786199876,4.654464873512683,3.6698190850040864,1.1112464853801531,0.5068972160427663,1
0.9881122822774817,1.6440644714472357,4.9744824269498915,3.753951471976299,0.8913443127028706,0.49516406969299404,1
1.64294020622358,2.220206371850485,4.468243889163227,3.142174669859128,1.9891230474174368,0.723671167981083,1
2.175988643772547,1.1030525830509414,3.701284172254356,3.1008785373358028,1.1121296739848991,1.34969583358389,1
1.9832907685613366,2.091718455438466,5.011214746373808,3.9361754264550806,1.425775343411763,0.2252073003313677,1
1.923734444556219,1.5713188051049392,4.741084796476785,4.223706602367278,1.1437333525643274,1.3703093203023298,1
1.991800351292747,1.1099602858520234,4.498771449496491,4.565488398685639,0.9622550287547698,0.5042191644249681,1
1.3744557327449332,1.98364767819464,5.041605205798486,2.7223981418911616,0.8164893583143655,1.0173413502300437,1
1.2312516608575086,0.7589438776715656,4.399113797938538,3.616410571227491,1.2289971733078682,0.4103409093980732,1
2.301208747789887,1.9940767806241078,4.74353808234295,3.2812040293263425,1.7525597410948157,0.709582177439976,1
2.035767307380554,1.9001075111423764,3.548588284999161,4.002626603189263,1.1707377845924816,1.3615799284100247,1
1.3533774512730654,2.5876738103319687,4.261167955233231,3.9847231139865817,2.0073051965543343,1.222051160901403,1
0.7281060357856209,1.603262145568639,4.156831013529044,4.54652083551176,0.6972625617491092,1.1738396032228922,1
7.988375158417773,6.8204344025041115,3.549511069011771,5.832868229035527,1.3503598780617427,3.9870179448661505,2
7.183318349388431,6.975513576658378,3.7870274802185477,5.020498846947607,0.04569318415094835,3.8696219871046638,2
7.1808821516561165,6.968070134827823,3.8637210327904814,5.726829939519552,0.12972044727185308,3.5759471226768484,2
5.813277305495129,6.436818979511617,4.2459394784877045,5.568193519461832,-0.5422504846843814,4.729455181286977,2
7.424701053979924,7.064672895653474,3.9668549775937847,5.4415858954377185,-0.18195063510136933,4.436746451447887,2
7.321962705046709,6.02983464917012,3.178527930195636,5.875846083885751,-0.08844764050228317,3.0392893149005706,2
8.586853787446316,6.707514648087228,3.1747937643585304,4.731716736863524,0.06628301382767263,4.635235919324774,2
7.725766080061811,7.116029658638502,4.233355439458575,5.712398429455923,0.10125684599768822,4.114680034328577,2
7.606969988124605,6.538131301846521,2.416311009574014,5.439097585072385,-0.8637591852877144,3.98446039463892,2
6.106276484337809,7.336841299697179,2.4818418409176983,6.303316749043599,-0.7418782918320042,4.489092552151154,2
7.968065994497845,7.182768150562512,3.7080696014941537,5.337556699863235,0.8473669731047092,4.161487457468474,2
7.042029598735501,6.8762603687357915,3.9848468841827147,6.746011774001064,-0.4449823382115016,4.183524721556542,2
7.936124013642922,6.714781806721971,3.8111448652918263,5.79003101848996,0.1517445208787962,5.263629313544138,2
7.458674016472702,6.6468073281490545,3.814745850977826,4.687079303922614,0.11676954778243628,4.003115309612021,2
7.331748962830527,6.394437064540584,3.4174447875226397,6.6235100338415505,-0.716873762353635,3.5263174726954865,2
7.96662180429191,6.364961283063072,3.844824767818036,6.4787080560948125,0.09463613290315301,3.81781373447537,2
7.448564307801349,5.951659151454496,3.0402285891834953,5.822571815794705,0.8745376628622834,3.9417981114204017,2
8.139383365473538,7.117527413674633,2.7503553099844833,4.742954205380761,-0.276867870456348,4.171173244250803,2
7.156958739105931,6.771829778211231,2.5999497825452056,5.5827137794658315,-0.3420722433939662,3.9132903385812905,2
6.242669411374829,7.077100695835729,3.1095960497362376,5.702969619783143,-1.332127749088823,4.668214695523875,2
6.880054232147971,7.556717345449966,2.7380047349139773,5.786294320289119,0.2164635067824576,4.34254393082196,2
8.387521879727677,6.312431068061603,4.496721429966691,6.371361845296505,0.48156222545662564,4.953369405622604,2
7.297536529440105,6.712675369134875,3.7408689843664233,5.748037679593645,-0.8837504862994069,4.064479633119927,2
6.878447885760313,6.399883674025521,3.1388832504907866,4.830353303219962,-0.2087640148369997,4.251411123626332,2
6.960657662341888,6.400099358023932,2.823235535368758,5.703417407672681,0.6159766919360143,4.284822880541797,2
8.361536830824013,6.6080712997948154,3.2449142892985643,5.30952416915162,-0.6847038067792689,4.940751245772727,2
8.056407943894222,6.945796739988782,3.341511369065043,5.905854480615055,0.059412974846511216,4.179966269115405,2
8.107635261367276,6.680086620769547,3.517354962547556,5.758582724358676,-0.2809848082060898,4.883579044974557,2
7.450882998389538,6.723672616356072,3.8489122061244565,5.68685310045665,-0.06551244044282227,4.278354155930523,2
7.080589578210625,7.383565071490839,4.081523469712447,5.547201430255741,-0.401518351101527,4.601538910683821,2
7.180645549999618,6.500681597229185,3.5093794185580682,5.305010583812416,0.27541392500794665,4.023476821274794,2
6.9805796990766815,7.36469971791937,3.474512309542345,5.6531682352603525,0.4440815149246018,3.919519028680596,2
7.430730744790025,7.246215898114687,2.429797150400121,5.323425125119818,-0.4072018229863276,4.894634641592628,2
6.591282520364033,6.672161156684215,3.333280206572214,5.292485603901518,-0.3469204220962551,4.422864265783184,2
7.402672011579783,7.668146167672759,4.1170212974181934,5.597299629592968,-0.5137972258537701,4.8396716839767375,2
7.362858034259231,6.949130744179544,3.9418052766935965,6.53768117626132,-0.3918569087257949,3.9784492574572283,2
6.985279671189002,6.683331420136277,2.7528198254916996,5.623127170971182,-0.3357953130687305,4.744112790876702,2
6.6269502274588,7.034511793584474,3.9094678753261607,5.665267611544603,-0.9408554613418256,5.026950783254574,2
7.706543261478667,5.995491035427525,2.4328236969749204,5.665067946512672,0.0586567425088556,4.571124001195059,2
7.1809097017603385,7.1492328481994365,2.933917536302024,6.347564578175968,0.6784405902349264,4.490840425378021,2
7.5695070384014524,5.855935721995918,3.1439286471960393,5.353590007070264,0.2648305800416428,2.879680953837031,2
7.381830776185273,7.655771782038035,2.9763859500310716,6.09272095617345,0.200380007544603,4.010722529587472,2
5.822959778276334,6.6712034731054075,4.054327126537677,5.326437381576634,-0.42672892776331744,5.018716195356735,2
7.896094654909161,7.227348150828287,3.5597364860585823,5.717992912556439,-0.12777131289073304,4.030162598459204,2
7.636229943992101,6.545714727482553,2.2544703643942006,5.319586834209993,0.08883592153523627,4.621073949564412,2
7.172240525186848,7.037394463048273,3.0689195199935044,5.234599200851304,0.25978960519194993,4.334236812416653,2
7.33841667328601,7.087309139490981,2.9913769578990825,5.860121229389253,-0.16317875140203641,3.9742905864777973,2
7.254353632015959,7.010297001504597,3.420886564208186,5.589532306221824,-0.4390688035817459,4.468254112483127,2
7.375682020378287,7.094219348930726,3.257863820978715,5.788892578677335,0.6922095392365442,5.35002365713831,2
7.709732576754366,6.8907225689078615,3.3291377470110444,6.2603452361382175,-0.34612387488934665,4.441320835783277,2
6.950477959326935,8.010385722358254,3.98028666861028,5.035087602897671,0.1463020657451224,3.05405702786964,2
8.142681574785703,6.450835036403582,3.6371476777919636,6.156155348261109,0.5997522470952827,4.940761542674262,2
7.706586339808012,7.988671781668325,4.0203081722888285,5.304499893701132,-0.0795465854675954,4.043394096033621,2
8.121215956783681,6.516108402799232,3.7251618861149405,5.1704584030838845,-0.07189801959225949,3.748658136426521,2
7.207788260188556,6.905128718538964,3.3466157222246475,5.17993331945061,-0.31484438173409485,4.490420762044201,2
7.849178431462295,7.225461253622635,3.0460053901413446,5.656691551629672,0.35379345003601426,4.823052816977328,2
6.677759027055173,7.525779332166923,3.997127924724846,5.4882081550961255,0.13061555874136024,4.526712794258664,2
7.142235086450653,7.034326881017499,3.7084066026074134,6.877073337829776,-0.33650770028101135,4.277664611690177,2
7.276636423738109,6.5660061388083015,3.2919083609927435,5.474587581324224,-0.21112780667635125,5.1097366661548005,2
7.20312525883737,6.871223372458545,3.5424986998184114,5.906079026346736,0.5859946374274765,4.39796215923432,2
6.647576236998199,6.245979812576303,3.2139847626781055,6.278400445963809,-0.5391786544654776,4.646350243369361,2
6.855002389785099,5.923380372261965,3.783341390419634,5.102651870882335,0.3800629618654994,4.126693143972419,2
7.6333464856439734,6.616231829017491,4.128963250544605,5.475260600524399,-0.21837025893580236,4.412200041443112,2
7.266043626853469,6.799637826722559,2.7992157386676157,5.892626577151141,0.16707112665762455,4.507145762926417,2
7.112332442655963,6.807613119501529,3.218326471928771,5.009027855635642,-0.5416523912366092,4.825842313067646,2
6.744757575464468,6.348115318411679,2.933398677309203,5.725678428902232,-1.5375555846700661,4.284563841798949,2
7.29518167022241,5.43061539771009,2.6633185030456796,6.136673098721324,-0.44205859069998693,4.416760972617061,2
7.005450237470561,6.795687394532219,3.8703332858672335,5.64188909187577,-0.1926304408879815,3.892690049106534,2
7.1910491053414685,6.859631312204873,3.0194719366184817,4.541100657976375,0.6948373706809532,4.297676845397566,2
6.683651284476762,7.0033417895068535,3.3930535827482182,4.924777724821019,0.6815550668872841,4.73158886719787,2
7.812393353243227,6.539063109791405,4.04169411160791,5.6766838752150175,0.8921135696132018,4.6926008124612375,2
7.347185344413675,7.09105079753676,3.248780651443953,5.469697597381393,-0.702938482429127,4.462849782168953,2
7.587478237636336,6.553167633697289,2.865301381110464,5.854436870657371,0.15502461878368756,3.827407686644616,2
7.164737170898807,6.980132739797539,3.724563799513888,6.604679345731318,0.5444439456135011,4.998037762226166,2
7.141511599713013,6.383148324408636,3.071102877052681,5.121693686893548,-0.4442593515055447,4.494297864917513,2
7.2249151799295035,7.171237613029023,3.872450546659921,6.132569544133841,0.23295090025158646,4.35603124801223,2
7.131597233177026,7.005246243370568,3.4841148124043553,5.746147834594484,0.6388770180814349,3.8223389166256183,2
7.432411747441363,5.872801296929719,3.325198740460703,5.911514670101044,0.5502998221755264,4.330644659678237,2
7.027274741099418,6.723975649831877,2.9189604496397186,5.213048570286708,0.3504077363575123,4.302257525891605,2
6.9545014671372885,6.879276328533392,2.1452973547258964,5.682230825229458,-0.009640006080758448,4.333098348948064,2
7.184117779643348,8.29652289559361,2.935110058085845,6.522734981764628,-0.9237749263678543,4.593259074944939,2
7.5419862419497505,7.680961422769098,2.5844448099238844,5.496104609374846,0.4520643360406401,4.548128840029827,2
6.915411131122228,6.797721089726385,3.340975245673727,5.4191628743919305,-0.7228807408075224,4.294621936523932,2
6.914986639122861,6.330035906873227,3.3916008167757954,5.974912768058451,0.6614517622789418,4.373435686549929,2
7.164691449965335,6.388996031314226,3.6975116458332464,4.632966354423737,-0.5765661568504942,4.271528946911183,2
7.77795489208871,6.941747769745348,3.5758345395870803,6.081280423171556,1.3752166757841322,4.184975913179823,2
6.739179173419433,7.201303652009732,3.2060871921035816,5.264443229933751,-0.48580328022272457,4.514331965515926,2
6.925785902062562,7.066988712748248,3.2410762699592746,6.0250477325480025,0.283590548054755,4.253733694288132,2
7.774862316428129,6.506566186799699,4.185322024676326,5.240693119433747,-0.5429905851697452,4.09816958752563,2
6.65323969256707,7.655615161448349,2.9934278775799594,4.629172878123701,0.11050381194861966,4.281330051721592,2
7.269989116776555,7.1777363252891835,3.765396496723566,5.899242927047913,0.013018213654869961,3.2359763607384897,2
8.224279768734066,7.879951208449462,3.9523061653840643,4.999215294781465,-0.010003389810263427,4.237053454455411,2
7.356138563788478,7.163346546653058,4.070969224845414,4.877063164687997,-0.6170002715060096,4.342081849170824,2
6.657289221741294,7.073873766610429,3.7019217611758006,6.147928610029137,-0.10336061827177925,3.980038633932155,2
6.329196318853755,6.855726752544762,4.224875514828023,6.273571428567461,0.7685500038064759,4.87754615067642,2
6.529238763286036,6.755379743007742,2.703760304295128,5.713464517503813,-0.6365003415228584,3.3595910125328867,2
6.329829275888091,6.872147653682239,2.783878205231714,4.367826495369568,-0.33600874865815555,3.9685106745370633,2
7.345681713360436,7.991618510882492,3.6695365070817507,5.37956988247605,0.6213965282815637,4.525695732305841,2
7.308998363188512,6.4084145686546625,2.8576495690247574,5.76737819765267,0.1369245815157354,3.880254600024404,2
7.484949080871562,7.708921316492308,4.087146219079588,5.250344986439215,0.37905056661579795,3.840648540769854,2
8.116056053180987,7.1400424261801225,3.8556803117371143,5.944617456237696,-0.48940992169248376,3.998035427718054,2
7.014529406576001,6.765902844696769,3.026778288395022,6.142829911912234,-1.1394879187622755,5.232587926419751,2
6.458336382534939,7.19154445484902,2.9466299782664174,5.421229408817401,0.1323045563632526,4.199005523333028,2
6.679658485895129,6.9384054849800485,2.720253608442504,5.827289809243539,-0.05926239136079488,4.410435094633989,2
6.955749454213851,6.60585769188147,3.089503843074631,6.197936916802009,-9.305763496475494e-06,4.0539817369149675,2
7.962269729989782,6.6412264014953415,4.045002088158876,5.977759209949085,0.9108762143991513,4.531244735477857,2
7.172667025935328,7.850088565962432,3.453758598373476,6.071163595626161,-0.9797523851918355,4.955840130745512,2
7.417477237627265,6.976663668743765,3.056003606227904,4.7240889091101606,-0.2693588480960746,4.283154402735469,2
6.865914902649019,6.909932396520532,3.629342146942122,5.553059203542474,0.7099015372915012,2.991441112197382,2
6.697302267802862,6.4409162226382985,4.537843389049829,5.4033133375324045,0.06528874396263347,4.449237165652931,2
7.734415630210351,7.593957302174347,3.700339407845458,5.430483786856769,0.13102335687503763,4.555695067792252,2
7.288764932325677,7.007421719822615,4.0157933188271615,5.7911186075790075,0.3366483048069095,4.285410273580459,2
7.136225010715594,7.5146633105828515,2.690767612036092,6.039869575447242,0.47571066108943394,4.861663114330073,2
7.460243652481062,7.8209502607140955,4.052481955014542,5.5154970294105645,-1.3376707455275203,4.840655260925729,2
7.893565227680687,6.871338076683597,3.303649702086945,5.132616569043025,-0.35333211029039197,4.74800830499961,2
6.268069759196725,8.275039401851618,3.263398310671187,6.118891072042595,-0.49561008875556356,4.544633087503989,2
7.539288448225844,7.3682390511945455,2.741935312708519,5.215790717591304,-0.36352670336640575,4.402835143497594,2
7.101870666646007,7.711591906823467,3.851467512854363,5.789097751639662,-0.11278729620430458,4.213873228845975,2
7.325999720938561,6.340290017832763,3.731376483826584,5.765990107268743,0.6939961355646366,3.4558780801234974,2
2.4556232586231013,9.802546928891697,7.702149272385358,3.8831818393445117,6.0746290450823555,8.116663915419068,3
1.8535949415360007,9.092229540170612,7.691594837258673,4.3948881555851225,5.960888686059806,7.857510690036563,3
1.360223277905278,8.948011727946426,8.229436301169876,2.9012848806814264,6.128057910145466,8.298317832387715,3
2.775103417861147,10.194504442140433,7.59440312396134,4.230223765837969,5.858696062253086,7.785330957984091,3
2.530278308576449,10.266023803479968,7.546064552133302,3.478634607662883,6.8279830475655405,7.740103709982612,3
1.90520615319557,9.884104808673898,7.088500019277677,3.815317418061556,6.086670830160156,8.415230104224163,3
1.542043280841656,10.837495783764114,7.785012531194412,3.4056036992109777,6.045907141292457,7.896280273525735,3
1.9774343471562257,8.683414608941664,7.709696607517598,3.3329449047658835,6.501925989962439,8.030916381919377,3
2.3690971767653926,8.900698097339435,8.399058157954737,4.028216538113183,6.743414921450814,7.8863608226622945,3
1.846202237986772,9.344843565103053,6.707883725571622,3.79010920466426,6.000467417414029,8.188273799553917,3
1.9117970635493382,9.044198873882904,8.332043939431866,3.5300834893859423,6.661880611161623,8.018998532369126,3
3.488227326513693,10.47173569021774,7.661345345348061,2.9083608425648304,5.5724780594889465,7.311453213570606,3
2.004594252098348,10.030053533461627,8.081957551768172,3.8696021658579065,5.962562890658759,7.170745855305567,3
2.6683375574968893,10.408221177037325,7.883887102210273,4.183443448365018,6.929565874729059,8.028521181385633,3
1.6419862511360204,9.599122979516075,7.628109713578508,3.3799956275812146,6.524623477226854,7.552708187685926,3
1.3253608422051362,10.355871995806064,7.986782424164609,3.422518977781028,6.071336502565034,8.356661432983381,3
1.8262827029272846,9.92493254063751,8.481663099881255,4.116566347892936,5.416298240757757,8.432558757855954,3
2.320658285836829,10.097845144727492,7.496846697547071,3.147340239717284,6.397345929909246,7.757667967366579,3
2.5468637930277795,10.749098842796016,8.030499669950759,3.492057109557609,5.883487012116418,7.994886349390534,3
0.9462351277344945,9.125237873545618,7.2986405801149,4.192103426933724,5.927355903263028,6.739419152824297,3
2.112959369548066,10.096157348787624,7.597446054586614,3.423783564839771,5.179974354941319,7.095631677212526,3
2.6055262367807677,9.635018411662326,7.613931238049984,3.8934260487288794,6.795034817096292,6.76400087589755,3
1.8219851556522229,10.288460546553827,7.168566788055472,4.122447636214168,6.566119377511873,8.188421678821348,3
2.8680894185787937,10.158520598074306,7.518944166413083,4.269031410017994,6.820634287269997,7.49162561046884,3
1.4350190673452432,10.045195981577539,6.75717295685695,3.901762993922093,6.129572399322324,7.763085791025788,3
2.3275584942181635,10.974249767872411,7.637279730253115,2.659294333607791,5.53535555308803,8.112829344043572,3
2.964795767116183,10.614098907931677,7.894918244079578,3.19783201223674,5.957621571928901,8.618719773108404,3
2.8226473051362357,10.01119324183417,7.946733777605323,3.95168709212237,6.080474056477951,7.826429982788696,3
1.879330385757076,10.2333282286243,7.857908154674972,4.842894092253684,6.088929301728417,8.073805236161553,3
1.6817993750644566,9.437809713536856,8.248876036047767,4.215840656398054,5.680701568812605,7.706921231493942,3
2.479633461580031,9.385646914939295,7.826854557810813,3.5707459889844926,6.02164184167075,7.4445920013741205,3
1.9557968614237153,10.065795578629146,7.543597460415262,3.8661730514894237,5.490853958258396,7.448751694986516,3
2.5460235706991448,9.196743460546116,7.594089838266804,4.5637138080897595,6.263882016783384,8.514670732950517,3
0.8582818101256715,11.121327126574563,7.8885373443697695,3.788693214049131,6.577329511532911,7.3712794055193065,3
2.0267511739683193,10.591489336205283,7.506528301530636,3.2244164995142905,6.469563607097327,7.949792327160792,3
2.2782260597719532,9.213238340347857,8.194361024371513,3.748145699087935,5.539676179624127,7.58038675713193,3
2.0284786533120225,10.514432829262507,8.077555871568721,4.50247308203002,5.541720139059156,8.28493278655186,3
2.446615676890734,9.445778168807403,8.388425586944095,4.538893657520373,6.593823160282411,7.137484832759368,3
1.7280631155277806,9.400294468355717,8.328746742403384,4.4854644000697705,7.187805043267644,7.870722002768686,3
1.88588726457786,10.322570785806485,7.694172722676274,3.6177696669998065,5.754565900632508,8.444124527286657,3
2.083021479253986,9.990144731036185,8.576617267896422,4.3772108264085,6.721949216508614,6.657007915784032,3
1.4942466089375794,10.616142581119114,7.626017307911911,3.6187744800009116,6.177779440530242,8.199291344882255,3
0.8082406472894252,10.177853396346404,8.444270886243697,3.882119513090508,6.207188195609513,7.010123490058156,3
1.8325147999893083,9.667562731100702,8.609733157999099,4.146381008729598,6.3777083766964004,7.408597346010722,3
2.050406762901738,9.595911330381666,7.1947788155069325,3.84650411059213,5.975929336757671,7.414702005348182,3
1.9014110299296614,9.94820202686767,7.84774193891288,3.964609927660794,5.554112155512472,8.567099766167365,3
2.62024410974975,9.905413652519128,8.0986632334178,3.736857466806283,6.796507590646507,8.06307638656776,3
1.747557559208012,10.200973238754141,7.253562160146203,4.046467960477309,6.394476234274631,7.195060395430165,3
2.219785215123947,10.051879911599231,7.439663938578356,3.5917357681054747,6.305183241844797,7.701996331274678,3
0.8877238239102152,10.230917775257963,7.734155128160822,2.5258900793107797,6.448241035363159,7.721845095149934,3
2.5225682372655567,8.734705707528631,8.62008478401406,3.8702460975011013,6.62303767614736,7.392518543849921,3
2.1341817385109763,10.857933899104646,8.266929118474478,3.64378732666098,6.342053827926011,7.603054475275523,3
1.5793167868197715,10.004256917343602,7.74981660294707,2.7770346300626283,6.401250914247724,8.48405609012032,3
2.22002601222756,9.4032450042161,8.465915108159429,3.08087859776494,5.837932688416783,7.8293937901231425,3
1.8496838768064814,10.323002117692226,8.461206336835607,3.5203924101107256,7.087574653746619,7.822172373331042,3
2.61583920348841,9.528022605788344,7.170980453343646,3.5963357721675187,7.374500168978906,7.843436489766032,3
1.5226074569795123,9.440651957524828,8.258347234199105,3.4544206705056526,5.956431494906266,8.04898846854173,3
2.223603856259152,9.855101734839439,8.011167814699874,3.592017687773744,5.909158137895996,7.753006083047604,3
2.019395146950213,10.382407406994892,8.010410281272522,3.370493293064535,5.885648347684777,8.27243173901666,3
0.7055834183295207,10.136929364947708,7.527602939161233,3.18258291590906,6.52908302970609,7.516164128693034,3
1.8470720350590228,9.855594965348233,7.938810249731345,4.214792194828608,6.130949401496535,7.519193736399783,3
1.9038514724768925,10.182951727578269,7.677258417024316,3.933613286113568,5.591046882122754,7.7641773347883065,3
2.8439003991915834,10.831629491288737,7.385981544809813,4.339807574488538,6.201627089818343,7.730715138367141,3
2.026945356859937,9.892926603245352,8.386356868834818,3.736904570471671,6.394824594308336,7.535424955518658,3
1.5042540939936107,10.205660336796708,7.687484371809643,4.130686985018488,6.330288518048651,8.123838672508377,3
2.668352095107123,9.671241760747966,7.3170380392825525,3.3990515590621846,7.0281272961277494,7.992827824033351,3
2.6942483502613346,8.606658779072887,6.987196522547828,3.9541027172210192,6.054611437109958,7.442431301064883,3
2.12239441046003,9.31853964870497,7.574745656445919,4.905507581044261,6.457836989663936,8.820227261861053,3
1.95049904634114,10.357171129226643,6.98246977600318,3.8828230980079956,6.459560751856191,7.697387090387078,3
1.8634321619922876,10.501956223673455,7.679821277467026,3.3118448890709766,6.851901464624451,7.142043904715808,3
2.2343674867932832,9.518870859724178,7.986241298292522,3.8188302795840827,5.44420788311468,7.951280468425067,3
2.7255090507116133,10.089022186642238,7.504094157066697,4.132172449541069,6.010160253291451,8.221693796954833,3
2.1822621914965734,10.354336079485506,8.421819823915433,3.977030221790068,6.533578028884317,7.784915678376366,3
2.5720149512325734,10.008900021616228,8.092642660360536,3.2321046029177563,6.679619061077607,8.29861567190427,3
1.78889069723132,9.324614917152404,8.269760120331897,3.2590036132894484,5.306091388806676,8.412453971424904,3
2.4151700121967115,10.40486980343422,7.947701769151513,4.271437442494335,6.594448259211671,6.910158348721018,3
2.364535931256257,10.4370843316703,8.319527298086403,3.597441994017065,6.138296834646347,7.6399720688708355,3
2.2902858916567865,9.863096422992312,8.208708561739135,3.876177686765793,5.419357843307392,7.82123617301701,3
1.8504563730759254,9.730573651295764,7.095582016463752,4.027643522215963,5.786632525460812,7.633332536418944,3
1.7174719413754096,9.625353279840125,8.741634982366147,3.3394850076825557,5.547519199853986,7.3440182128454214,3
2.211535173548054,10.915052879007181,7.739643385188399,3.8454325801813214,6.2312051479678905,7.398249609408449,3
1.5381985133342713,9.604567036961187,7.730089837213748,4.414162932189583,5.9323244184104045,7.7297876335296305,3
2.347460459027485,10.091676511239175,7.189430357950177,3.239373582026143,6.297881035047655,8.006401322469829,3
1.388933247449412,9.128054272006967,7.31238897080658,3.7532404957797287,5.545624367188236,7.5678492289568995,3
2.3509454694837113,9.477270157400298,8.13349097322144,3.558809979835964,5.716679789691421,7.6149679378843524,3
2.0284639269016984,10.65872032130917,7.112814204297932,4.1652327709412535,6.410218892138603,7.449814220655645,3
1.3105922738341398,10.485257631378285,6.473657028897545,3.553061630281822,6.451391616619993,7.479789888974192,3
2.8466405194413675,8.92237597244248,8.110036317005745,3.436913133546126,7.022273792980342,8.619297233186337,3
3.1858912592856976,10.003718945306773,7.235828313730094,3.8755175293586666,5.874453540983679,7.525165991152493,3
2.224632601429522,9.84630968481494,7.20190034621658,3.1560004250730573,6.114277812255872,8.172886539852055,3
2.23396438305567,10.184827309320982,7.286743626323174,3.2430156027749963,6.704526395559404,8.657800941448887,3
1.4983671859495429,10.434042410684116,8.606541131179913,3.561027501284338,6.931134493429267,8.128610787166714,3
2.829629508846054,9.777920954626929,7.606956718151868,3.9489733071902746,5.97700434516395,8.009756034429158,3
2.3767348032507467,9.582353907292527,6.818292689155476,3.701048700925119,5.625918812318136,8.293916792778418,3
2.30471051748385,10.239696179645254,7.4980090287102135,4.443282390017153,6.609118253705961,7.489348542253107,3
2.3155218969127236,9.862941613562352,7.2181668644427335,2.7946154886435286,7.0544083036321465,7.90430992805478,3
2.001331121502533,9.19922053644972,8.221856175481491,4.067058632658914,6.102460258286124,6.914106703730469,3
2.698338727270006,9.696390223114443,8.15056633283441,3.759588777205933,5.49465632512987,7.368864925232686,3
2.475774734188706,9.950634526654802,7.413204984344961,2.9620438064645955,6.261616071228813,7.732817349777188,3
2.123826223445605,9.930262886832283,7.669277876533413,3.463990622691461,6.086101949922449,7.414194907737384,3
2.3753145216139053,10.259416841917227,8.271154884780106,4.246437252713664,5.99720434274348,8.280821286611234,3
1.660802946938773,9.65401098128491,8.28023096094999,4.145816514427716,6.110714638507257,8.22178833823254,3
1.971312081213619,9.417493559753444,7.780789063139188,4.047346315218829,6.061232793057642,7.945640491684453,3
2.4915051954720724,9.742067921195515,7.146913918656982,4.103841300762181,6.675230221990523,8.006505693256567,3
1.9859656194613056,10.290514472922174,8.154148657231287,2.9454235330062315,6.709987404340353,7.269829317160436,3
1.3569407722035143,11.332847682346703,8.389687332902607,3.9155403364377883,6.344887528903479,7.522035347212629,3
2.2693511724110165,9.114505835092125,7.633314234569244,3.356256444880172,5.7066945586110025,8.410275161634534,3
1.6731986728753676,9.718949011337234,7.049349606464845,4.220206968870972,6.518261191751559,7.614184439434967,3
2.3048095354539244,10.272237832278567,7.398395657629181,4.07225210938256,5.210974011830247,7.582687761656037,3
1.638036807808565,10.04617228140855,7.818703358359765,3.762452944585754,6.876121516533517,7.537852522160725,3
2.377718088671041,9.826618682221545,6.95192455747579,3.9370518722483436,5.441298126904604,8.121320941097862,3
2.1949301558512713,9.827749863634942,7.735749588868008,4.2060257073570195,6.436397203953669,7.390756846492918,3
2.356249608495379,9.058301635970988,8.517204429581408,3.5175305806612456,6.676021854404626,8.601148872184979,3
3.0050857738979255,9.876834686517213,7.680690484720131,3.5776002225435874,5.719033323994989,6.702524285589626,3
2.7157141294147977,10.333661452597719,7.364255588874586,3.2325136157853587,5.592294169148185,8.40625422102714,3
1.8486983504213514,9.94535066783642,7.51815458008993,3.5920004832856818,6.1814169260291045,7.173698653007513,3
1.373194415581662,9.267963251568059,8.387915251334997,3.8082631588774802,6.24324457612612,7.818564952538344,3
1.71246752847502,10.13204925789574,7.697056891173422,3.755415363207455,5.763255648934886,7.541621120153742,3
2.5985857676632573,9.515622699632758,7.855590993033051,3.8456379769021773,6.196997119415527,7.561242132700676,3
1.8465504348728288,10.606613358744294,7.237150385930388,3.9157295956640636,6.706357040667467,7.838995200917511,3
2.181136842590739,9.944780498578167,7.236983917612812,4.1452660505794405,5.4886236054093915,7.748031920034453,3
2.3981151678341965,10.469865235563754,7.453227916350212,3.4638453707006156,7.119817381678684,7.459603566810053,3
3.1752718386496666,10.631056254730726,8.260263254345276,3.703774163190373,6.447795701816056,8.664180616729523,3
0.9957365858522651,10.482868583394811,7.519970477644189,3.401638783802917,6.018650588990014,7.409968452420326,3
2.62869221719094,9.23110927925244,7.124141020637104,3.4578253892216106,5.893939452274746,7.248851156380707,3
2.5339595625790783,8.73479071237914,6.964118981618659,3.731593185085436,6.589937206614933,6.803208872697925,3
1.0047558361878972,10.100810970506334,7.6593819593413395,4.3229675529702325,7.342671524173573,7.028715749320067,3
8.783901967405948,7.55519218327381,0.8800596006755915,4.984923744118435,10.464597843177918,1.9669065059549364,4
8.700996125694779,7.748833000547448,0.5710171133580486,5.2294522212082075,9.336963894617638,2.97684367457485,4
8.809352211709331,8.494182641878396,0.16473007571640913,5.286503764262038,9.714068581957447,2.800171075679386,4
8.732867044784898,7.958012790608253,-0.7379685810214223,6.120346377940544,8.175983844328456,2.257018416643675,4
8.258790504433362,6.584838244440618,1.355066967842595,5.4140713272879255,9.855065743672654,3.0464531877235217,4
8.480853503208909,7.415699301266237,0.8047943350831691,4.933931853698116,9.386594877218545,2.822716334104118,4
8.116218391600109,6.981019544673951,0.9728451042728122,4.787516305949129,10.264905034218284,3.0701773132898835,4
8.383199363546552,6.8268450735075525,0.7838742898270543,5.7173887299478245,8.929463499238363,2.3457715568168247,4
8.524368612236696,6.80308699223808,0.4937273233534613,4.1870431301293785,9.240137338050053,1.4383920851076206,4
7.538008512297921,6.334668599423957,0.7645721871364675,4.940021822001256,10.11848599811139,2.794103426125676,4
9.32691188614365,6.511330621336354,0.5878162773671238,4.976387481141273,9.213798903309772,3.051713518185973,4
9.089423239152154,7.984133346968986,1.6041452786503754,5.474164634226658,9.686852527628844,2.692338218363066,4
9.752364280478405,7.393022652766782,0.6283238005877414,4.627719612320328,9.105350006112749,2.8913502857258107,4
8.707654859028134,7.311027752821653,-0.08819174518332329,4.736184790108576,8.587168289499523,2.5102309315442835,4
8.451841681041635,7.612912676961026,0.9416357264235911,5.094978043313124,9.071748282725046,1.7151001376355481,4
7.993482137456024,6.933971916041894,-0.6063826123592659,5.780443499785497,9.144626136853935,3.188987948427794,4
8.372493174214483,7.38733207639842,0.13861575766893502,5.581347395642176,10.330287745000243,2.9315232118793935,4
9.198627174930765,7.114168934825878,0.9027160623686235,5.151550586937813,9.661431335433045,3.327183918580411,4
9.181681211242966,6.563561335662506,0.08682747654189737,6.464679435713036,9.166244775151519,1.4207648134450435,4
8.739051253709215,7.465950373352252,0.26072937457032,5.7082921677814324,9.034628653053204,3.7949510541870186,4
8.611406472835158,5.86736856036684,0.7923905277054447,5.790809364682763,10.09589265692244,2.509436242111975,4
8.87439925609186,6.253775122740698,0.5245295609618196,4.728763690735524,9.92294336985268,3.409491041039116,4
8.58447261807747,6.602668884345305,0.9959980183585139,5.137560484398884,9.839270462598495,2.602946578235723,4
8.536975387977428,6.1174976637209015,0.7485184739567229,6.23017010433533,9.481827533327804,2.7611695619505063,4
8.582156674743368,6.84788615865948,0.11535029630052879,6.000271631873227,10.032562671443456,2.3923394749836837,4
8.167131981352204,6.87230877455078,-0.11737706985107954,5.6160018682539015,9.659486114342387,3.346301389660855,4
7.6560400684604115,7.606456874389082,0.754544134597463,5.5097126134027965,9.774053519957773,2.943470524194006,4
9.403632993862422,8.32897246941488,0.6999526950026951,5.5012946562361975,9.90528176091616,2.9155607943963386,4
8.31927241334508,6.3327892724106825,0.1643332857914288,6.126263851182909,10.438698906351899,2.7034610062692934,4
8.65377602620311,6.330483119399639,0.20814981341552385,4.773309814103055,8.92210457832948,3.019697757446364,4
8.817961752279702,6.849892073149717,0.7533127758456747,5.855856688867677,9.534260503263932,2.43084627502259,4
8.299824398207805,8.106643397041564,0.37240007745139636,5.025444220300455,9.383214821540536,2.2561259763901327,4
8.284986796065114,6.865105394604536,0.38771113887527286,5.851197435647476,9.592432502916225,2.401937000157843,4
8.239088895263723,7.0338397876622505,0.881778923734008,4.936644874940276,9.579167299014253,3.1056920597854414,4
8.924802713596046,7.2166851739650175,0.040096294631838836,5.18586383716727,9.148501299190517,2.890498370758003,4
9.110331972412713,7.046469069996979,0.6405799021355972,4.433022039040873,9.745092740383212,2.684882382465684,4
9.263654251592401,7.392320320922532,0.6677852976151756,5.745057442084732,8.749143739316319,3.546078721598579,4
8.46343027438824,7.204217378763047,1.1922497650329085,4.922851299928831,9.163718456896113,3.3317213962126844,4
8.33319587777259,7.1659166283036475,0.9098271339174211,6.073296280526731,9.697505490923385,3.345109708339135,4
8.898483926681825,6.3065675980585265,1.0477233817282674,5.963469602789517,9.138089457404078,2.0342151334385816,4
9.74494091609763,8.001751186839265,1.0145632972258467,5.594259326963141,8.897962300810283,2.480342721224849,4
8.54614280955792,6.621821967180631,1.013460854375897,5.372842256779385,9.606827361576377,2.8114279757593468,4
7.891927510864775,7.518780973449074,0.8150533109907594,5.175253403597873,9.812486884508035,2.6051075761823426,4
9.17862391299448,7.459287649529925,0.7239654129532928,5.063225801664877,10.645295888190569,1.9694289140288985,4
8.955402126897962,6.706402856425615,0.12827166193456485,5.341700881398382,9.046556352130679,2.6530733571671656,4
8.530747012302399,7.304605024577183,0.7549432273915384,5.849464264794132,10.161556405690998,2.7749071378312786,4
8.81591476905574,8.609740944575226,0.20813553908817373,5.7621494619706315,9.922398784787896,2.9723343513667464,4
8.966856813039808,6.679588111603399,0.21928490935554357,5.956622044365008,9.162359805505933,2.5706421021622328,4
9.060417587996174,6.711498949828551,0.5014096772955298,4.527129329968354,9.434080605344358,2.419448702384155,4
9.609163392227781,6.923360616526089,0.49042444267186364,6.233837185836748,9.807109053991876,3.6672739181463543,4
8.488037377568864,6.713499006380239,0.5646630577908489,5.860604750609941,8.806081274449204,2.8335277111358974,4
8.99992207399824,6.770922005241065,0.5777177327850466,4.246188597951928,9.817166220671677,1.843523527775305,4
8.034730258431571,7.230502687098696,0.25915904044804466,5.254298114207763,8.826309022604494,2.1926371741465456,4
8.42306665291351,7.302219446204344,0.893901499780842,5.600902478784483,8.984428029155838,2.0649921357757206,4
9.23185731240342,6.561665047795526,1.0944863053130789,5.679621517121572,9.546765357489278,3.0714756245849344,4
8.789107097325992,7.341203215779641,1.059835364082295,5.185099996084773,9.325692396387513,2.4670539283185726,4
8.851788410956331,6.05987689289516,-0.31841974534015915,6.0940221928567295,9.384896054631227,2.7453181253933603,4
8.863995001926222,6.846876887168942,0.44391875634705186,4.865796510024744,9.76986120107864,3.294023485866819,4
8.013275044879455,5.937978143388658,0.5480634441585033,5.409716662147804,9.576571228501766,3.5633653128536213,4
8.985819986414866,6.981210304006023,0.9927222722657993,5.591044609351145,9.819040557092904,3.4549233594842863,4
9.331667027453335,5.433104674572556,-0.054908431390576995,5.799166920057346,9.84660328192592,3.6765635765884945,4
9.328928843009756,7.842552530120428,-0.01391174060316358,4.381356197016331,9.209115871215976,2.5732454648811487,4
8.81950541677459,6.352976365076339,0.3010645438786568,5.492655918280396,9.342125168286314,3.5315040068703922,4
9.655686463628898,7.631465493022587,1.1714301201164403,5.992151693384212,9.664902033332677,2.0410618579670814,4
8.912358615878912,7.3794479812334615,0.5616525690178678,5.48032775169072,9.663253789970451,2.9351100653276556,4
8.274198434493702,7.445857146865294,-0.006853997959214486,5.3215757835866055,9.78724259419701,2.2555137839799007,4
8.019799137469686,6.795558821061036,0.8677251049197547,4.678884849205351,9.32764609274741,2.4634599256203793,4
8.994661883713002,7.19031795188182,0.5860917921557001,4.803199859693576,9.385755090080131,2.050003734586782,4
8.631071781077864,6.302964917139646,0.6553139347055918,5.115667577114734,9.503116550188322,2.7583592635427663,4
8.23930630296638,7.513110456281862,-0.07432948370512515,5.779872094136379,9.719089953092501,2.5882992804745784,4
8.720007609122733,6.933921970760453,0.6859456971085092,5.152182133907827,8.731453480677699,2.5149422843429394,4
7.741626348883026,6.5890908380216935,-0.4437892439912142,5.005091140168265,8.734289574293577,3.5808908433714057,4
9.636446473968146,7.4647747837108,1.2253740897441303,4.125874479603491,9.539283271091668,2.5847064618103923,4
9.14200863234827,7.482352706808733,-0.15031765839420863,5.684576747358629,9.729371068439342,2.5405546557969294,4
9.374391774280772,6.86746483230094,0.6981078089946935,5.184572817135892,9.700525117055228,2.461942845368508,4
9.128395858507824,6.248982984323499,1.0993912516972435,5.810041639405039,9.211555214467039,2.7251162847886103,4
8.707787637070233,7.002409223651531,0.3105467422661301,4.877900479868472,9.525797996639309,3.1575074188631715,4
8.85114060743397,7.096689125484166,0.6811181877057053,5.254746558768718,9.109098708683725,3.3632921112405088,4
10.015953669293186,7.500640780397004,0.20396432292764743,4.720069591294372,9.281311704156634,3.3361881239586406,4
9.481164771464323,6.887508859005681,1.2022248836420393,5.344689343525033,10.075919941415725,2.842972059696439,4
7.743777196326086,7.1451475388529735,-0.10559055374797932,4.796507752005556,9.541463327342347,2.539235011698662,4
8.408585681601014,6.789461862203596,0.3790513224721319,5.229059737484273,9.092384163400503,2.318955638527197,4
8.866192633920994,7.0637195033411695,0.8157018356524866,5.49623170750404,10.078359566321296,2.4013872518530635,4
7.809291779301365,7.000070275328953,0.5236231187749143,4.853217173581475,9.241357756541696,2.956023359716613,4
8.902528113667207,6.140249895715785,0.23263341226651119,5.087859973640104,8.887064755879909,2.785418162733433,4
8.810259977623522,7.088169352753899,-0.2985604482643993,5.419340041653524,9.235569079434528,2.4362821906914767,4
8.991380891904235,6.146312600098715,0.17570460132949184,4.222190197956871,9.639311505916222,2.2949578299713376,4
9.189980696644067,7.238111210333991,0.7888508268352474,4.501124908215391,9.684688371307862,3.701229779800425,4
8.340570670628077,6.769808451129731,0.2515859591833338,5.658038970504859,9.433318067760728,2.0536551493679083,4
9.324656420437169,7.5498522333656375,1.2144324518492877,5.503437337563797,10.057212391586981,3.0774282770289823,4
8.496324049871664,6.866091157213434,-0.15942861439089218,5.252226049253443,9.577483625284371,3.1348907070697654,4
9.753201849574323,7.013371598369636,1.1687016738630431,5.281728670084388,9.847487312401869,2.2905094345784027,4
9.533897477341354,6.966013673971738,0.2619214397057196,5.31103374912882,9.589750600239134,2.84035541323997,4
8.200740861188779,7.192251841612047,0.043353284539109305,5.007864997201228,8.825121038538727,2.840911717138855,4
8.525950305672946,7.456506614832204,0.1711921393399614,4.914025616774852,9.210906651518819,2.5785990816403968,4
8.47238400616868,7.082439758636611,0.5389003979791138,4.309483762837416,8.668765653775576,2.3643703043920903,4
8.64314980744615,6.5280109186398265,-0.6125116295828557,6.110072760947857,10.661671201756404,2.835756471716784,4
8.608190723768905,8.109002447871145,0.8464174071188283,5.1345797805965425,8.911395606613592,2.765445288461593,4
8.673912098348355,7.8907224364445065,1.12592801213001,5.256667546543399,10.511119253252488,2.5417411977613362,4
9.281677118988755,8.136823111598533,0.7480553555893423,4.155034491784053,8.625124341134493,3.4002241528547565,4
8.742158144141557,7.13935007573587,0.79814156476095,5.455285963352582,9.250970111617093,3.2234876229996745,4
8.841322496214923,6.552843871068355,0.3107736653926494,5.472896350453604,8.913059525799776,3.2072314880086776,4
9.274433499169872,7.901747495802341,0.9100839362314506,5.612482877559127,9.841348947085681,2.399746184642517,4
8.9100992442289,7.422240745806532,0.5068423760034924,4.405666595171076,10.565394625053527,2.644917161951644,4
8.701132074142278,7.350972198488677,0.5970927212623618,4.987987392107002,9.047051293124719,2.6130448051856123,4
9.234855279181259,6.981564781236867,0.7496665825785611,5.407189953831705,9.377518969081622,3.6118505189850003,4
8.895881157193937,6.870519985286549,0.6315505608466356,4.82657239322064,9.525929862949031,2.668685886345974,4
8.887090485988992,7.8963450573409535,-0.97167194449303,5.359998377503477,9.660204603309998,3.7797043505152734,4
9.549398091888794,7.2674026703973205,0.6585709370009671,5.773614162526163,8.737727480678664,2.6513705152298646,4
9.282364887260956,7.12872296191534,0.5613397735975653,5.89182807707402,9.654718116288677,2.755624093390079,4
8.294624991414281,7.222934621652273,0.7017982401525686,6.230353285922046,9.554822077868167,3.260805491368239,4
8.272662819981518,6.7715729180843365,0.24526791221473,5.414772532162659,9.26579365109715,2.9059147201242195,4
8.660456715485068,6.858373220667935,1.5991408653583483,4.917941538447237,9.507247299595688,1.7698305644151775,4
8.693032732369703,6.725526270011956,0.7338105849066019,6.0003006059321295,9.55482984583339,3.1582460257809504,4
9.264275489499756,7.973182118539588,-0.14000680990823966,4.780574044878107,9.685145021877474,3.0451023174180047,4
8.869975059143709,7.0800057726364996,-0.29085673987830696,4.797957624354919,10.014746329644098,2.8668961142493834,4
8.522833641093555,7.339249823606207,0.9113147704917285,6.375954448353832,9.842016704298528,3.2310522203134235,4
9.343611994327118,7.053583843715041,0.18884247661109255,6.441866078422503,9.180209712363693,2.96997352565106,4
8.400900989556039,6.966513480547597,-0.28192366592827944,4.860794968070558,9.508344334459535,2.8991773278057305,4
9.17215202727171,8.120977400559234,0.2849463432326316,5.873740397673459,9.9460596607492,3.4452495601816446,4
9.352376934360958,6.533941595323268,0.6748397436271779,4.98952246539984,9.315221579343667,2.922806852118627,4
7.859449778481089,6.772037501805577,0.3294382164419535,5.950317666749112,8.741916641492868,2.517843028089246,4
