6.208890386897422,5.321719325211144,-0.7005817631086468,5.600486061884006,1.1842048890126131
6.791349366301322,6.638610998943652,0.8188646349798792,4.775298040188317,1.2647991220989203
5.917891636211078,5.45675614783123,1.076869445319993,5.272288595615594,2.2845779037962783
5.863679339344716,6.32574330287433,0.5459704249044227,4.075313939773842,0.5412453855753769
5.408633428368255,5.320567494092021,-0.31082922499628046,4.49068763273239,1.156022474812994
5.770587374628766,6.557690839462311,-0.04517731781495728,5.787897124425188,1.0037827756521571
6.845125450793784,5.163706442956772,0.23747308478956494,4.813888790153116,0.9526970523502563
6.349789563169514,4.426157182834634,0.6600005786372392,5.52309176264049,0.5661673458625907
6.365736197586179,5.662648821973559,0.19480871839041033,4.149450430670409,0.7062921021187943
6.57037724798495,5.628288228064686,-0.08802974217964164,4.374177095007652,0.8400996364257975
6.218978406487253,5.6025224280658446,-0.36347333490812433,5.891217622175381,0.6457968578586052
5.891037301918706,5.677320913723552,-0.029146226596210745,5.552208209701365,1.306758092714801
6.863429181624737,5.5614440460125545,-0.16465279124670618,5.5189569831069845,0.5073913646290109
6.449042819913458,5.152784608187572,-0.25338359161010776,4.556484424762974,1.3043463382339606
5.685543665207778,5.201644891221636,1.1804632981691332,5.306562016707278,1.1133596135214072
5.155550518753042,5.878778227700592,0.8197346753705007,5.290260919851023,0.731728322556346
5.730757963185501,5.305631596626948,0.968212155375082,6.017876883817553,1.2089513008805535
5.1010305500038715,5.581288528332294,-0.5863027116019589,5.959467006343269,1.0796026508801657
6.870402321361586,5.689572214053449,0.4136149066625338,4.937368386801573,0.583406675103299
6.026149660062383,6.578736382882989,-0.4511015498432566,4.845117315695127,0.5156710476697203
6.505066853864945,5.442798461487119,0.6553198376799411,5.339047615831357,0.5529284459933599
6.369769466935312,6.486129034615011,0.04850333016659648,5.351665558630458,1.2160653048402352
6.24111278465196,6.297151999701667,0.07243619422834024,5.01990402398227,1.297457280966464
6.89518346251462,4.546433722689763,1.2580312726609366,6.053896828033408,0.764315174806717
6.595154597599578,5.861244257556703,0.9832273290318831,5.390292345945078,1.1960407643729996
6.623813099333353,5.879225306368511,-0.06442920464367272,5.187762764963427,1.7677493559394772
6.596298744591508,5.0186901699691155,0.1181247460329573,4.671200918562376,0.8749372977863272
6.6590271820021565,6.176916283817147,-0.3465084829512916,5.059164119367011,1.0638729916425842
6.5929307546821345,5.356466320246106,-0.2001690961895524,4.997261455709423,0.5289485734811507
6.299036995722126,5.679000000958932,-0.901980220938947,5.405598403877671,1.5958940253081186
6.06500454781209,5.091516427306261,-0.4649753259784723,4.774742718411524,1.1247161394882934
6.0276352213204545,5.299115538802215,0.6590141073533367,5.241567506307875,1.1694179252682348
6.930271746647759,6.037635168340773,0.7067311963316384,5.5529701632093,0.3870716652688536
6.4252442930883875,5.786763948635323,-0.09327307332037978,4.879308584324262,1.9241729347269692
6.350905178552104,5.6943307480179985,0.10686817607358223,5.557815492244564,1.5763405990572674
6.7884275440999255,5.712892100882404,0.21538685057784587,5.101494774072435,1.1608283251141591
6.091998110085111,5.760446550422884,0.23165866752613037,5.391039141648163,1.4854409615722997
5.6421471598117865,5.647536885849523,0.5013510929915068,5.148264012403381,0.9304781760382701
6.169833343646295,5.865127861979752,-0.20239739068079368,5.229910583218449,0.847007009846908
5.804501626940008,5.588199992602202,0.018731675766678793,5.501834614554181,0.4733539009617592
6.733568809131502,6.510004710260731,0.2116475198838379,4.689377575918673,1.4650618724214355
7.161222990353613,5.185047861790343,-0.06239473525920132,5.310497484242622,0.7203577679542463
6.463382646231482,5.715590317997214,0.3239503055160617,4.565341183104526,1.218281637184253
5.911937240941196,5.932306089597962,0.5144457645446561,5.6995828007840865,1.1919583740625255
6.088538866560254,5.854232905839094,-0.5475997079093474,4.914649521020236,-0.0808866101683623
5.519460599001293,5.36045790532053,0.45066864456126393,5.890142512365436,2.01491713313893
5.5918985971881945,5.075232442011041,0.2084869867387925,4.6703111163760935,0.3987598639685289
6.144254352375872,6.013766813654104,-0.12685046520069732,4.6334263915222,0.3171728391319797
6.804741539167788,5.27131122205138,0.5060155588468365,5.8070156832909,0.20466555564375144
5.295799045848446,5.987012998223861,0.5156750234637827,5.274594861405823,0.9306634016326263
6.135616346995852,5.457284034517765,0.09634366311927281,5.874260814795258,0.44413189655395946
5.869566210613179,7.109485884814961,-0.31687931288940224,6.269542665031873,0.7741639147642989
6.457040732089696,5.474653788503426,-0.13248822954200337,5.542337639416684,1.8743312264949472
6.078819801306583,5.5320744719898745,0.030823540290727244,4.997955031935752,0.9432175119145911
6.919997572404542,5.589649572687735,-0.8422999910714656,6.2049038269206696,1.4512442156918643
5.887137690167445,5.05816476887791,-0.3649210590705265,4.5246984696046555,0.538958074745884
6.633466621090344,5.636595971872091,-0.09217860682056095,5.074717308625242,1.2388508831620826
7.773914564205429,6.091516491854409,0.14043692679449882,5.189363166389774,0.9498763650795627
6.559865500379886,5.969931631233095,0.11873683999487589,4.8225718324300475,0.55963853804571
6.542122565903203,5.440434884351223,0.2632267765035859,4.993833107785388,1.4929701177810846
5.884124081877404,5.751328964694594,0.4251135636919119,5.224066813552566,1.3924672567954481
6.989158508557088,5.749199652105459,-0.6279788365126087,5.583918625052092,0.958737114992082
6.366210534976913,6.188513588470943,0.9609582813754325,5.773848266802978,0.17907388878333308
7.210168618428271,5.639731571826249,-0.4924200704332974,5.441516458264842,0.5076554473179218
6.132043577775278,5.845702225524889,-0.1425493754767237,5.489735892267185,0.7091451307927543
5.72189159675585,5.7705157492879975,0.12827937010883989,4.513294416617447,1.05213136993196
5.639173003166478,5.113107452052113,0.08931978691431042,4.680492096909779,1.8580990779310504
6.775027686710892,6.460435917063172,0.31171237951305114,4.248145195901247,0.8346867558799269
6.221994144930188,5.274000054829622,1.9554739677169775,4.7647290793812775,1.7727989756701596
6.97777728976289,5.7280706492500615,0.028412900111548872,4.92702171164916,1.4380303931244725
6.417300391267025,6.309702286006564,-0.4963848236144931,4.955464072166793,0.9500848983921512
4.937747205934423,5.746178460023785,0.055807674684833664,4.252805057356162,0.5536250145879145
6.895987529059716,5.3884979398305335,0.04279874427159625,4.622400728938614,1.6474642550514236
6.796210205502567,6.192947259810143,-0.21489884956360802,5.434587973965431,2.3864085555137837
6.842171576361511,4.900879455442149,0.6524043973364054,5.327479467006397,1.8431250164527033
5.7197186961960504,5.408738878485299,0.19865697735470683,5.921255775814473,1.6209200515554927
6.377442401132776,6.010893922244715,0.007171179425107843,4.380314005829632,0.8478717218191576
6.256051391088755,6.24962417777704,-0.03281255564701884,5.458796360178095,0.6936459330378992
5.78950395877721,5.399602889812144,-0.7779143495956045,5.829710901730419,1.5463459523099874
6.182580163493259,5.439492375824355,0.12835018693332623,4.240772241995479,1.7600266757568064
6.565693068455731,5.853932794343967,-0.14695466343594232,5.1493710676307325,0.5416186473454672
5.653032131218262,5.615339543302666,0.020261573402159283,6.124880821209455,1.099675284042104
6.384936911051378,5.259574050636839,0.20249373011818972,5.599860680009928,0.7088224350966921
6.231322171392792,6.094601837178926,0.9075824324677019,4.902873411743513,1.2578621643796875
5.987384394660442,6.0274987592809195,-0.5881103888782246,5.179974007773877,1.316190553596174
7.010768160483314,6.117498768616847,0.7377055830731333,4.834245349653052,1.26264388423396
6.493069178456649,5.772216933276513,0.4638590924672818,4.525963609012081,1.9774206143120006
6.7241563646056735,6.253533749164158,0.23696400226019976,6.053480163096911,1.019776672505134
6.341667387464314,5.32790533435896,0.385667532507797,5.456501201891655,1.0365172117944625
5.179090502667479,6.490173428580427,-0.6703973277427531,5.038765643085686,0.3416868428337132
6.308228793758031,5.494110076237122,0.713292309651619,6.716369964870413,0.39497656558305994
6.8429186684727075,5.32761204252162,0.29026404183548454,4.632379700048328,1.0003399076412052
5.929672178259528,5.965279495788686,0.7277339767584803,4.412623127358136,0.7359449706320882
6.136518717369163,6.057312104408388,0.6143780102454643,5.648703646488885,1.0894502090780878
6.560766295516404,5.598057693180112,0.26951129462505585,4.742642434989283,0.762930586598433
5.770086341949796,6.149132713064302,-0.2918540859839228,5.889072028481665,1.7692322552318567
6.820571140198656,5.8898524912646035,0.905997100072059,4.746343604137669,1.038567140027265
5.898743527261433,5.679240064631495,-0.4424710068310861,5.614911780042328,1.4798484213636638
6.9990782155013145,5.825818153273856,-0.02609439041372174,5.435281944739637,1.358552418555536
6.734639457256398,5.6018169312227615,1.2559174725288191,6.144605879136057,1.1059232972062998
6.706149726654228,6.279327816351715,-0.21188977918254276,5.551420484898963,1.373432296972368
5.741412927566626,5.315534549223562,-0.5157512973158394,4.990948615329248,1.3471558600418623
6.200790375842172,5.685561480404531,-0.7762724945870396,4.723349919629996,1.101978117585246
1.6740329789943504,0.5780669441370797,4.379841154263544,5.210851284935958,1.892697965876879
1.122966012867586,0.20729558852681534,3.9418061193504426,3.773067655122345,1.8358491509053463
2.3129776400766175,0.7219241838008512,4.69029635427495,5.423044317737707,1.497221443018506
1.550588939910669,0.6340443471187505,4.355415616830042,4.085688982563398,1.529893016947417
1.206616164769783,0.24379452113163297,4.213967102077453,4.801886227441247,1.9753055472268426
0.9174787735462483,1.54902410322348,4.064409596418881,5.431446407027154,0.9068455099321956
1.543727695552717,-0.26589011590197464,4.5834324961855035,4.077853069275566,1.1483177655316328
0.8815988390515745,-0.6336641665122655,4.465156259724844,5.2450988067315425,1.3774066146092834
1.9919338042540289,0.01917828219503992,4.758975493982817,5.1161474363400075,0.9544508813508896
1.577638078478905,0.21796816839857142,4.455917815513929,5.388465994390206,1.1491595294936774
1.5338995292708313,1.0344455667647336,3.937187780531311,5.554879257329583,1.058597200175399
0.8821901649062871,0.4467907714227719,4.418878996955158,4.247179580189744,1.4202620677824673
2.235073946790853,0.9926013637558715,4.187880835855377,5.679115861876862,1.746495301429005
1.3762110950765836,0.2040785987532645,4.584418685976149,5.67497658282161,2.152944819572977
1.1302852695354983,0.31185927237517624,4.358749611906462,4.622295369760196,1.1639578010938747
1.9213909730523033,1.0063123921812802,4.603052593376461,5.154209104285648,1.0905095228147577
1.3098759783249994,0.37329688198218164,3.755006510932503,5.006328269057486,1.4146846301365106
1.7287779753259969,0.23459980022684057,4.258451115119096,4.993291243429166,1.9213413574624985
1.591311105477017,0.24370678895939235,4.392191848308428,4.424946647101766,1.8286677967601812
1.1999038237605115,-0.030546848450220265,4.430864668261264,5.022753959243527,2.0493868227735517
1.2065193497891238,-0.3098014975179474,4.021446492780672,4.9361221341801516,1.6120127175320187
1.106366455305516,1.1596047839405534,4.516465092713725,5.672940749639346,1.5161820252562008
1.6524382440833538,-0.2743800460442508,5.843137500740029,5.248555913020151,0.41496694414509383
1.2068443217836426,0.5505536739445398,4.637947817831065,5.065816457524426,1.5369324526636194
1.5993435093144577,0.16804315570679257,4.7007411130496335,5.9344794537953955,1.0304108960809448
2.6426596712974186,0.38809308003041293,4.769914857880643,5.082351951754342,1.9410998344256052
1.2319835455593902,1.2007419539695183,5.108519263886522,4.329295425224188,0.9779776687844878
1.5334156669069685,1.0449671551081314,4.104332988184379,4.951756474913289,1.4192573708269833
1.136150053961286,1.1971634563882199,5.424170344030025,5.340836966821694,1.842308517943498
1.8351692953036458,0.16913501770869477,4.455273559869821,4.422308623528558,1.246240024351392
0.5722923481818567,0.5147682595866373,4.094171519530422,4.913326580917565,1.1849193012690447
1.5208812305037847,-0.1038624023737238,4.389974456999944,5.108748236544205,2.22251385773993
1.5484089442751214,0.39097017747453666,3.822915367704277,4.490272615669991,1.2898730813772605
1.873227182880335,0.7556554291724646,4.505362319865766,5.719508659915769,0.4607213358982216
1.4319528394662109,-0.16733105012557747,3.7672866193885453,5.423680357643766,1.2955906853291774
0.6437285942006019,0.09066257585282955,5.5100279814851065,3.929133357567152,1.6836976385385858
1.0386867667806594,-7.732981049313192e-05,4.52835935620445,6.063982978658462,1.4991757633787086
0.7270290166140544,0.6849599765730288,5.3736488000249185,5.688099346300138,1.495590137274502
2.0935001544088245,-0.2730820635196559,5.060949882130064,6.4692146566354225,1.8815598698316935
2.1352912232158276,1.4019306829088978,4.4363477627611445,4.958092916775284,1.2845802061154357
0.47716200053040037,1.0696966973521618,4.6524211810764715,5.060312849567743,1.1329061708042487
2.00251845860904,0.7298303937225296,4.404919140546236,4.3029380747643176,1.0749949640052157
0.800693923943226,0.7738053030503858,4.384122051142827,4.939593849216046,2.019005725055616
1.9096307317908052,0.772463171362554,3.7832442923774243,4.673270804504218,1.578703096655495
1.4843910066466421,0.13690145689822852,5.003033916939516,5.259475222718558,1.119443742842285
0.9448858901255873,0.3119222699925392,4.867896930349133,5.775132648952634,1.2210212533144098
1.0633408400486137,0.8677331736713367,5.450271074827636,5.1102441943061905,1.2654910426881165
1.4489106044651685,-0.04784029452528016,4.183707111188799,5.409204027190694,0.3896610097176434
0.8984687021236892,0.14119200003360405,4.105391453717085,4.799444891667007,1.3470254379002757
0.9411503518332793,0.6760036536468803,4.283287185891624,5.109267261395544,1.0370835264882903
0.8113417053158939,0.6033833604598168,4.959064254585024,4.874516672139588,1.355216152669226
1.6075291698438972,0.5641926735938483,4.1001286150924665,5.489258656307888,2.578972009355842
1.794071613422738,0.6438597220504034,4.31806700862784,5.933418185620434,2.0449478844682605
1.9507181339202755,0.42100699495217997,4.133219922615339,5.09277592306076,0.6862295838228769
2.0294814485174966,0.7738314506922732,4.111848698896169,4.735997218901002,1.5153439803172568
0.7903301875560931,0.6271733258286399,4.081433932345955,4.767082775798814,1.8565821054766416
2.1489519230656993,1.0078194929408741,4.289284388187897,6.546075993808854,1.482059694127777
0.8391271848072274,0.6068833074313387,5.402840039041031,4.930605175975046,1.9262231881236103
0.9025910958193093,1.2097612788722074,4.694941463657369,5.476327129387917,1.1946838405324545
2.1216413195606783,0.19753201896808964,4.564180485269081,5.199017296880191,1.5623255951329713
1.3582236943479316,0.6661803123373204,4.326259550115743,4.359671224809217,1.3976085049177915
1.8678089157199884,-0.2243958415112085,4.631156972620627,5.518075173582594,1.4046982614125014
1.3770192414749693,-0.11523563351970179,4.279772745893565,5.382579250066678,2.0697899754441464
0.9003416984076285,0.22078233213467213,5.492664447091919,4.247946389014203,1.9267099310725024
1.1379366059241947,1.0152952371134587,3.9940076791004824,4.297126459926204,1.3062040257577014
1.1537872630195496,0.0964403148587265,4.752246758328101,5.964188264817793,2.4927735809198466
2.221323726355859,0.009529012876458853,4.404315395161185,5.0508487787259195,1.7183316798021697
1.3078562373361249,0.3376850086427114,4.545512220689478,5.892274208186982,1.7345320582041324
1.102477369074359,0.6390049636211017,4.046220139969386,5.291515406635946,1.2512678309186247
0.6332006533177774,0.015425626211618582,4.581328865658833,4.476637714310009,1.2457564156494625
1.7436647387747124,-0.07696842796663506,4.8456791017673595,5.214857283562757,0.7453718685168046
1.4746270935947612,0.3268042678656941,3.997450450317184,5.957106634153246,1.147472107461645
1.2847325961764864,-0.7619786110600464,4.6089276748619,4.265937248032362,1.5583270440019688
1.4402251884535084,0.5707644214307934,4.412590890969459,4.426676327699364,1.153298427642891
0.42583571528557107,0.4200153468071377,4.562936558345241,5.184042049851306,1.5768769338021542
2.0652457711901104,0.17931660289355217,4.7670236744346415,4.502691248992826,1.9712302176206151
1.4276922304023019,2.0553861993826206,4.803599427045051,5.406716004745973,1.2348010845346953
1.0344935983642392,0.36061950314525243,4.4893294009560964,4.876442575358232,1.5837961393844038
1.092960216032838,1.0370229579684946,4.1529679955185115,5.887898759866219,1.307166183246788
0.6757819306551048,0.4411473402683639,5.5381166442082,5.2096839680982425,1.4025334670526237
0.768881351734975,0.9563290320397966,4.488225842377787,4.832805052529719,1.6324648496824854
0.5967562361117721,0.788990900085377,4.363930570378058,5.607454577660027,0.760944336548222
0.7961954221848734,0.5739676990537179,3.3070006426868312,5.206317679470396,1.8189209867380023
0.7286675353544682,-0.2786799742790347,5.361984278069161,5.636024143392043,0.8514595735251104
1.757873218686218,0.8655922619218613,4.7693137046202185,4.911754081611742,1.5121245445368308
2.37289738106356,0.8531421545547425,4.463909202552647,4.6991083815890216,2.1305994387614176
2.086084201354659,1.093683760188184,4.134554142049922,4.624057724583424,2.6981793856730034
2.054243370623443,0.7680786597090566,4.948469003081073,5.603859236877021,0.6882409352788259
0.8973236321785153,0.297487385666772,4.9449235015959845,4.715654113705012,0.9046056059890625
1.6462168456781923,1.0519271516724624,3.520764912876097,5.024200563588946,1.8718983725661487
1.4676246200789274,-0.8947939613769311,4.735397019358692,5.5712471233998455,1.6883087162734138
1.0288056583600262,0.9956472845914719,3.694882019880404,4.403687646532809,1.2354904598150243
1.3869217459823022,0.3072130954252652,4.253612029676133,5.22016539275327,1.9469585863512644
2.0873669860530457,0.41309889872402916,5.205798654096356,4.271556708797745,1.3179010494653132
0.9183160155530249,0.4305279758058027,4.445910766950262,4.537140599241262,0.8841675968226459
1.1376477659099018,-0.8837901879209413,4.630401010611235,5.590791027764405,1.7526778380739798
0.8402659877496705,0.6411561408995182,3.6618767648132904,4.938591852763832,2.301548542551786
0.793805476979138,0.46253606995007485,3.3641884981610244,4.760756653685688,1.0681217277892179
1.298149663913742,0.517096354630837,4.406067601720919,4.974356578161757,1.5740986888523363
1.0718302775034882,0.4151417306936732,4.179888086763739,4.925058474488159,2.308948554333926
1.2689130451725776,0.2714001379920713,3.7913156073210468,4.93181216015966,1.718477209722787
2.1165517228182718,0.5326112677717625,3.7478053183729845,5.533849678119605,0.9598108248231478
2.036762903681102,0.4794932976681232,4.808869017503817,5.3038182516507995,1.4685042448324848
1.2961847800480475,0.4399143097012736,5.311744791183624,5.365098889241127,1.4416440166384596
6.6203685269548,4.837173975856979,6.211594811202272,5.146434376427071,4.353134163370394
6.500589563877031,4.847486146844748,5.761950363907727,5.7579741696679,4.8172711558713655
6.488913529108656,5.242435133730542,6.621401404791216,5.517331757580593,4.931555332329927
4.997191514808409,4.433972162805827,5.4753330138928575,5.610904753911525,4.6755927100707035
5.614190658671652,4.043503906072689,6.774175420686626,3.7656764545043386,4.617568411996486
7.038536929721005,4.3615732013585475,6.206417021042714,5.213840246168171,4.58937547601536
5.611550313461181,5.02809842508916,6.244441026506627,4.692897958333247,3.9745427408044485
5.634763164658157,4.926124348953809,6.694947570920185,5.643434710871211,4.537902739367829
5.782224956041847,4.627782236156223,6.599474262079736,4.848638308070596,4.507990434287069
5.312289298578705,3.3724247819081334,5.9857359800621355,5.431671497639519,4.205835547449347
6.799480372309624,3.9029715847590456,5.463872369228426,4.311346086077413,4.318126726176663
6.063259062067259,4.220177315908425,6.220192502115767,5.191582374457641,3.0911554649662194
5.525638364986329,5.127081056114601,6.005052280068232,4.9626517572692155,4.107945785319849
7.32517119725231,4.009069173315301,5.9274354801135605,5.089133000311794,4.292876137001963
6.070561492213873,5.393526554820331,5.611336680902605,4.343399802069082,3.9390238807308275
6.106820564728611,5.003067949369776,6.280776115176044,4.617929384022901,4.493499557658475
5.47820684551978,5.396901947734774,5.88291196430198,5.606301060846172,4.809958401152203
5.708922081929391,4.006592139902014,6.907992140800511,5.1230487796539705,4.84234967133459
5.621480808336831,4.115048588750532,5.106029444992993,4.27630941913209,5.181610267134672
6.954973821565016,4.149837187815532,6.567830304916448,6.490468587822354,4.337389334802873
6.078791310182311,4.18262655202005,6.978212890806043,4.7159622218980815,3.9392255506504936
6.711660976343429,4.439298752690013,6.399322596174298,4.7589302455793945,5.020274503980076
5.913563107535533,4.3366501549995835,5.191910450759972,5.498674453490359,4.021455028437794
5.516343541464847,4.3290979488179495,5.632642063127417,5.410413920291694,4.545203511710758
6.205304436197185,4.276697359509387,5.690136372513867,6.070771010591132,4.185439637561942
5.9457689945366985,3.9640598629862387,6.7892018073430505,3.950300689829433,4.551049169130683
5.805931920602121,3.5714839871381425,6.022602853627364,6.067557484613998,3.7857590640109553
6.944470094654686,3.8096132287969344,5.665332387990107,5.241753185518574,4.520586229887604
6.331565700718344,4.218885927228984,6.299388471585055,5.221517847545089,4.2365011600087055
4.461468542318625,4.76556518362064,6.446790998914214,4.691338364973344,4.488051224347628
6.423212037900201,3.650764023760267,5.72354396097815,5.863532562734995,4.241702064539845
5.476566573685571,3.90421709119452,5.791083464765279,5.949961471357325,3.155317783453005
4.470492409316031,3.9673163500070903,6.417850704794495,5.072881308072896,4.290365728635109
5.304714545541845,5.474439353325652,6.311308864011598,5.798748398538919,4.6948649588414115
5.190965041541688,3.631631718211073,6.298688134753868,6.042572591870729,4.376414080027639
5.589356888743682,4.869629792706213,6.8188922906613225,4.717243205344767,4.847523539340601
6.311897974855058,3.8715920714873673,6.176875152753869,5.208479283467627,4.721987236622363
6.357630429321633,4.4475759966370605,6.228057727012078,5.342953888766609,4.978327956571188
5.946115294308828,4.119858740214905,7.194472718923558,5.183365945804479,3.957485285443473
6.068172593755533,4.745226528749723,6.247971365775459,5.7376302621589295,4.118605857783037
6.355108978846894,4.584085986490206,6.2171197110904854,5.561922177333408,4.113967057011381
5.987394441655451,3.9714460677551964,6.309584282323421,4.8190104650843475,5.248039275630255
5.256823446426305,3.556640920767528,6.091438173657749,4.623707245195887,3.2217281807356493
6.508959791798736,3.8229068053212045,5.621230090171595,5.754024454103333,4.3789840937471025
6.270598913279856,3.865216362841794,6.238693330716124,3.6976764023435775,4.200653773500448
6.087125223653421,4.050303264436573,6.141556435801525,4.787615838063991,3.8924132682013126
5.26663318887181,3.004888804075189,5.992057879960385,5.186072479196415,4.239628029567489
6.21935642710339,4.088992496588185,6.693704465125932,5.046759063070747,4.360415549363998
6.4265918253840715,4.21810258049807,5.810390041219183,5.233127057506741,3.885114817862279
6.058265513604472,4.475772528637569,6.592367038338503,4.283424844702384,4.678511758161916
6.247996905466586,3.9797122310059145,6.301097716281769,5.51938031352165,4.820098192493478
6.218014788309835,3.719458004824977,5.8539559456945724,5.7940078284004315,3.881591325158432
6.025573425313444,4.349063788777191,6.403144655878905,4.441460680376705,4.360216386323221
5.728572088191874,4.1289833239871845,5.543955372700931,5.080312931900401,3.841571913874267
6.299284659361373,4.230043176319079,6.734938940776368,5.192725599612902,3.7776588847546253
6.111471058236632,4.885074304912284,5.0105284741819,4.689220990016662,4.313925245643592
5.887789092415213,3.6659598108784524,5.773267262037361,4.833759479953036,4.065431825069381
5.788795459786319,4.59148882900835,6.821620383785895,5.4452564546993125,4.518479447413525
5.6380559133891435,3.890009633459957,5.774442374528396,4.8899422964652715,5.215118654850364
6.563946440552601,4.916059888895004,6.495858230173515,5.863615287940411,5.444115071784861
5.668798537460373,3.8634702579535474,6.124050692715465,5.989959187725781,4.591472756598629
5.134122338057947,4.2783667771628044,6.371880063083001,5.115129984770559,4.446508499876771
6.6061981086803785,4.776102960094055,5.885113689110404,4.910864148941495,4.282560055599868
6.28632897480582,4.744630214744082,5.2883419475961375,5.261222204383925,4.0244086847420775
5.892075256004627,3.7336324412938002,5.98861371847694,5.717028086346687,4.392089518531452
6.523374848881152,4.912358805173862,5.765997548565585,4.666341328175137,3.848045792144262
5.496893420171531,4.561852183174299,6.755930509740412,5.850151406506109,4.779587567072536
5.638409893868897,4.117942922797521,5.497018378562002,4.4089384241311755,4.02382995779926
5.622748384011579,3.8762641121414063,5.567892219130129,5.133018171804126,4.6613216859518705
6.168487417134408,3.943037539306487,4.965628149581455,5.439767829857677,4.946340667914589
7.255816447360987,4.362842069664026,5.9034577834253446,4.870771993142925,4.0412749645942405
6.0830744647054855,4.283159519102441,6.616448531815265,4.79819452717509,4.803508524740793
6.283751706909543,4.5331996193556146,6.959530690794935,5.077921951850094,4.688375907923538
5.56470846339797,3.9431400312131704,6.619632799993766,4.311783245768051,4.622173146519409
6.0729802291621935,3.847057297692537,6.5051277067980475,5.808466131537361,3.821876561759664
6.034440732908847,4.436038566166618,5.96917497967725,4.560723013412176,4.456778843513454
5.143153942262465,5.011591302467534,6.338296521465847,5.810215440100527,4.040927938611494
4.877527025153251,4.3264298463625375,6.68233414367201,5.074416636242223,4.744190004665357
6.266569461093206,4.264532904124522,5.7429281651217785,5.058567287683132,4.877434635597819
6.40219780330932,4.280816581989319,6.87130220723364,4.819574433264787,4.618532826305691
5.549511228407111,4.554087847496435,5.210187566552227,5.236338509562395,3.572447576986525
6.0278860722208005,4.434289791558378,5.88675406105734,3.9758633293292007,3.78212772347111
5.315927035775453,4.014120527820035,5.193844527418652,4.7459464040778165,4.505929107619603
5.8315817232925395,4.417090938869513,6.220196564847809,5.178309561477493,4.449929611012645
6.131402818228723,4.210439262662911,6.582187501663745,5.368940970807615,4.252586509110088
5.683262713842009,4.364186595770453,6.080063943292857,5.688856421455429,3.9496791099184327
6.025949196249661,3.8697084934039307,6.414961579806458,4.958439160303068,4.151230767882492
5.815691250821735,3.787526504939309,6.48862226833586,4.904487452169138,4.348197007504391
5.510538727330354,4.3620358628790035,5.982684975106574,5.317218357875505,4.734737830307483
5.726260995697107,4.751312713614257,6.190189442421446,5.5825445016851045,3.9032548548024906
5.40161550334911,4.509253286721234,6.560510967309612,5.259121159729073,4.900293397841759
6.16181030039841,4.044391957253722,5.765110448163486,5.184700047112678,4.330992033978963
5.429114651299404,4.35709386663208,5.939515610979074,5.36894509421831,4.209136934401327
5.81566625720014,4.370906051335997,6.20221265844769,5.53177760173559,4.403226991218973
5.965514468649288,5.211511137547564,5.9956150331664055,5.572338239491458,4.519427855441707
6.878843000001088,3.4553931857787754,5.9489499962306365,5.604158343269782,4.416539952953292
5.586851121413099,4.301698949231442,6.382664141747648,8.23878358567244,5.040739263227192
6.485320592330467,4.919763473237482,7.041113468598335,7.851295350414046,5.046542695335437
5.8454313887154585,5.089437685842686,6.531133860027766,7.58459478473713,3.081949266279837
6.082229652790837,5.156453087619006,6.396400022980106,8.948677375820145,3.399159874708242
5.837165755305861,5.314900823665511,6.977525419221142,8.642744846735953,4.080565112609179
6.735702207421267,5.277947649233573,7.1779238855003555,7.965086895064125,4.300649622291576
6.042570736310408,4.969738591522012,6.747835094957663,8.315864044247526,3.4416424568434882
5.674193292841484,5.119240344876343,6.871637571129795,8.271038719880279,4.198303266287145
6.418575287358104,4.42059634003763,6.458773703209289,8.891414043290606,4.130199287062433
6.488533237356134,4.910416942621032,6.623842007064009,8.378995900133122,3.97146192773695
5.352380228071195,5.668047274770885,6.48683168937655,8.515584584258246,4.939539247814365
5.841959619629899,4.906695340755781,7.133221586785165,7.8600011882082805,4.153521616280394
5.615460479441173,5.495688914601299,5.703704439018767,8.68641882604688,3.761936817088129
6.656184041444316,6.03198554757681,6.609216960559224,8.869234101406688,4.045179803632184
5.68664478817376,4.8371854699376025,7.122473330439645,8.694321126377757,4.627640879223161
5.974538735188214,5.607290624118846,7.280523874513138,8.60258046849274,3.6924760459782697
5.38578003356406,5.474131894984681,6.881490301300052,8.701659684172311,4.796242006768307
6.387756185647898,5.074031220781793,6.636332062941565,8.65455928162629,5.5090184198796095
6.618280200182278,5.987019831282756,7.659543092018976,8.671415457808761,3.9249847239796636
6.198100385748205,5.049680868739429,6.803365716604259,8.424012992296358,4.29820950146743
5.760833325932962,4.832682496348275,8.135339024492588,8.767274198939212,3.8185052946961324
5.987005039159204,4.975947001180142,6.617960270721059,7.728011403744178,4.407450809506159
5.1314498606643015,4.321474972145507,7.3127106914660445,8.026652518157382,4.74986783366922
5.346032982600393,4.5144482057434345,7.1487184687634455,9.184067406625545,4.191640497416458
6.094344528634591,5.033413615811841,6.391524340519261,8.657352991410566,4.4465909867364575
6.240355893247171,4.37360684886476,7.235496815359308,8.295323429840266,3.9418804446244375
5.812756961814718,5.526528018814141,6.947629590553483,7.917001913715769,4.401065657109769
4.795307160106833,6.333306873538954,6.878229549122323,7.8328594021593405,5.283768212884619
5.191858862740703,5.571100736903049,6.996497004168878,7.385316365527919,3.821955055654143
6.2343642469681075,5.799283783476038,7.094570745693065,7.878680624647188,4.685733037294684
5.813465988844049,5.982510379936066,6.786586500104386,8.930455517461851,3.2783137008542704
6.657223025645502,5.377311315685195,6.30342653673933,8.161873368638066,5.168319512175195
5.920237405205818,5.050281053098643,6.906616383123399,7.345400871823991,4.044764954265075
5.026860067980726,5.190056302754776,6.616889097073225,8.092262923406205,3.5933059730036434
5.830651038336374,5.639669060677656,6.420646173432531,8.247579890834038,4.508197004988494
5.907618090084152,5.137185040120563,6.603566313787373,8.048608223205637,3.7138285975056733
6.314668354375034,4.5363633188370835,7.465282630788195,8.815619206948655,4.558176558805131
5.665895650668106,4.196023461433674,6.5418449656295135,8.122271874800935,4.5693146151150605
5.829862824969415,5.230936456485646,6.995091741142325,8.033831475554697,3.914531416099547
6.494192739179969,4.901335637163297,6.209624154938307,7.111584439026149,4.729579902178444
5.667866222770607,5.306571189655082,7.143571326775904,7.817105198654141,4.269748729278622
5.406505848714633,4.686701002159494,6.466307739981689,8.3004901147885,4.2474091245026
5.665922098900601,4.786367739755251,7.575359056387631,7.73883656602712,3.9559588185199828
5.072442100614551,5.070594772068518,6.119609877200361,6.969496930751716,3.988011486797892
5.916259903430235,4.197110446327693,6.855570010249943,8.11483991634261,4.031630713935755
5.4531044496529635,5.681330495893064,6.639778918446259,7.486713389145429,4.029006223226334
5.374859352282004,5.668920342533406,7.75696694544363,8.631251219930544,4.4789791616721155
5.633397619809055,4.50034877629518,7.178067040580935,8.360586003528521,4.1206756371805335
5.280404782246441,6.173689891060287,7.8694661044794145,7.3509810785359795,4.433618845126033
5.908885728454253,5.645647266715059,7.038863650421887,9.01326637777337,3.779041888656794
5.091978404003687,5.519550459149567,7.823276299941307,7.269564193809168,4.927087641527297
5.774556380707368,5.721829186505479,6.5822243439725066,7.934802339258439,3.2633596637418956
6.629903818498217,4.655214359567486,6.548677090206074,8.441490717359395,4.05295286708402
6.002659968865323,5.0002884965507075,6.150282384640427,8.609995303592338,3.9273878237503896
5.746233751403536,5.142114182364735,6.841761581841428,7.17925912764821,4.856896899929625
5.608505219946953,5.865627599317742,7.5689292072456835,8.283138011602823,4.00562646019814
5.3748827332813045,5.251918645356355,7.089096019171653,7.877083635812546,4.561540425875929
6.522810343518026,6.046719794017951,5.955169239401698,8.357914160447388,3.5474207518404337
6.170189853608235,4.992011809172017,6.905451900361464,8.446702216183102,5.0110184418379315
5.737780223196999,4.9562960636530935,7.201755679640333,8.5911916775695,4.9877281586894116
6.244784968118391,5.061943511884937,6.968753489107979,8.341371413641431,5.424510877908693
5.9046769880961865,5.362723894330898,7.457198990944738,7.814632493636381,4.375920317287576
5.408865764664314,5.103293176223314,7.154666063527836,7.644440568001194,4.6819399294129544
6.2301662870028025,5.8254381093492915,6.706237981475847,7.593173083787208,3.784800133543472
5.748220882189344,5.353303254704582,6.997532349605534,8.07299618620803,4.033044897021187
6.0009419097451655,4.822294697920462,7.8196679537905895,7.967263216371854,4.021270958134452
5.932982920379823,5.0312580969174405,7.89054270729575,7.308441599323254,4.016924341081402
5.970070263322282,4.736787373384876,6.188338842147384,8.206872987599011,3.7620430646774548
6.34969017616772,4.930125842725192,7.104561594414926,8.53426800888521,4.033038270187345
6.058079489542434,5.636667419342919,7.022905374189572,8.559972323442103,4.548807052872703
5.8600969074105596,4.960796174185577,7.249571879990481,8.272021028230633,4.234090476024869
5.3964672597373315,5.104643559926031,7.602038308693426,8.079278559788934,3.5736368966637917
6.554426252644153,5.17646180854607,6.753509179190949,7.914905139238518,4.200882174993216
5.710805148655686,5.192335065931485,7.120134673650187,8.089765777413866,3.8928191559362957
6.337544627775464,6.3220395852926545,6.548476906712789,7.486457579196379,4.341888613122708
6.248210627898652,5.966768158239016,7.355941784854583,7.980627657747802,4.073807548116973
5.236937636697118,5.515257165051539,6.441778706962434,8.220869173943926,3.9677283370689493
5.008511273039751,5.297642526531298,6.431952130486677,7.9665012559871435,3.895258147217923
5.818265333120183,6.04408171366317,6.42225562506658,7.497181308146995,3.975323308094226
4.866744654170227,4.2827109509515875,7.3551802751884745,7.969124952522957,4.4325376612520095
5.942973620950669,4.8592004682693375,6.216297689419893,7.292381140775251,4.216034865407367
5.7515913513507835,4.87016902580349,7.020539093704029,8.6853883209073,4.160510041921019
4.578552067133703,5.406954566466725,7.235456114726449,7.170396773707418,3.827683232992679
5.929982622214286,4.921174314866195,6.855028975458469,8.816389540589082,3.726323086757332
6.478610789029718,5.463254711036966,6.795924691263094,8.149440323157728,3.8888360896752383
4.912739070298807,5.3289704167865075,6.834154475423879,8.68315401450607,4.170830064853536
6.121006810186371,5.682301926558488,7.2212398016809844,7.483573252568432,4.321501973504842
6.238860945609899,6.3119291487518705,6.670305136437374,8.861883450298853,4.297192477510382
5.481639620325484,5.547149518208519,7.660354478821214,8.256794033461414,4.660019319924295
5.566657227043367,4.185163292297908,8.019142236143821,9.206409281153087,4.483536454212772
5.93395396677954,5.093444271172145,7.007402879310599,7.844235882117884,3.7561076768657435
6.440295466533437,5.718519846448176,6.451322200667706,8.059291743541712,4.652197789780642
5.204317543192647,5.9308444922931445,5.6358428362720066,8.116754415521841,3.586882551245588
6.126865725676314,6.126091805193757,6.715343937511921,8.171972910694148,4.177540350654743
6.72522131097068,4.676569274746993,5.72417109454445,8.532691925407148,4.6717504746645595
5.867464202116253,5.33818128173885,5.939675304954091,7.042880085748855,4.273228424645225
5.5330864408777325,4.599227673260244,6.617097510192883,7.785654965545588,4.106311659043971
7.875206758430372,1.505980088845252,1.0783221164383974,5.407398596702526,9.3657933570971
8.590299445068442,1.1076485089955044,1.0209659241746933,5.560470554362606,9.344454502077337
8.999900047202113,0.8599061339926027,1.408435673842601,4.634674057732183,8.91946796513363
8.224009507913207,1.279871326934174,0.47021401936893914,4.772795287204101,8.550355957770538
7.7117565533908135,1.953870259889516,1.7684074859434404,5.311588391241191,8.80390183881261
8.34445391426991,1.4689786188667457,0.7909525258494239,4.384550979442192,9.362593271017527
8.13351794121079,1.4021589107902335,0.8376984047015139,4.15262271502588,9.489255107966567
8.314635390420964,1.5879484367943364,2.0255463558739244,4.264707325691027,9.043839871338566
8.201341063321642,1.3487246244125686,0.5937290651492205,4.523764286273522,9.202410154830197
7.948902264094592,1.8298079661385942,1.8163396416922448,5.709053235738013,9.587580454059538
8.6772980378564,1.087229359857937,0.9279436489765547,5.26961400384852,8.500947714750053
7.975820738291372,1.2985827969466421,1.3962777254943404,5.5680643623932475,10.025415095733457
7.892911991596947,1.5008056442095585,1.7539939005727598,5.725111849957543,9.608919826051157
7.865406798311397,1.5746839596939226,1.3415726551789504,5.506717215057181,9.090050427650164
8.579015844193325,1.4611189066452959,1.3521555103084053,5.054649679503496,8.397790699903958
8.65068126995681,1.2465079326907147,1.3147664227401892,5.364525637707357,8.340903553844987
8.486486998710172,1.0743052301063374,1.0420949616565631,4.262965631436558,9.409836908932254
7.5106407011508205,1.770423909193513,1.3203752775501678,4.945886155479715,9.053370808494638
8.138240107982135,1.8318028394530281,1.0551860082373505,5.319580042524315,9.836831211395678
8.463076783077819,1.6074902571229945,0.3872497906073562,4.381575864551049,9.638295818578575
8.090803907147205,0.4936371516663708,1.4856497796043704,4.660096806402816,8.912508337308598
8.27863022892063,1.4958677846723563,1.0417897075339535,4.971706068747514,9.482482384512315
8.565140849268639,1.9808333793861628,0.7404114835199028,5.146794114388574,9.13105230245514
7.9889802014706905,1.473654765242434,1.8484149827195826,4.957242463518844,9.579293233687354
9.034133031858476,1.9798712046797586,0.8334792694452647,5.25643825672998,9.08703232510431
7.785752495409251,1.758674707441242,1.2672532975520654,5.377368495796474,10.185861376410218
9.035639280539462,1.5812179391481813,1.3196768745064238,4.434609133932188,9.279763033816005
8.103350808442665,1.0066550686606108,1.1968992509039973,4.37185743279861,9.432490384335726
8.79645670780165,1.636457872734351,0.711111822234735,5.383729550738456,9.17648673034442
8.404597198846275,1.1321177356755754,1.6798204894522106,4.83573699110856,8.622895644986256
9.387989152315251,1.3654012836105753,0.8677372909512158,5.541527050267411,9.291730042803863
8.990196348562842,2.8712444501212033,1.0854220614722425,5.1683663575449525,8.607640478452156
9.035596042113118,2.3299728438196814,1.351521689980052,4.6475550131605345,8.994547520807364
7.900317233113179,1.440066744876332,1.0591450768064028,4.4565225552616745,9.034866830683468
8.8754092585026,2.028834325475847,1.038004704115919,4.279744805780253,8.69759886577997
8.573591978830308,1.9569370577365492,0.8970825504748663,4.278109032621965,9.250935157453203
8.320951833316183,1.934223179989484,1.0653371668995615,4.51013482443248,9.6504126602255
8.975972511044507,2.1291596657997,0.7766055915585846,5.84240267257413,9.973231658741266
7.94363144293469,1.4037871542340306,1.0727474793577074,6.004840367704597,9.269822528461006
8.95731551343685,1.1919787355253244,1.0902742545916757,3.8532446071691773,8.582945224575662
8.220174434934544,0.9555445445158437,0.9368343789301454,5.135092100703872,8.988948183906114
8.238129638930534,1.17393893266155,1.5439814862760104,5.614075621054989,8.257939573009565
8.481147889461113,2.085095070283749,1.7198943570116172,3.7599909483869434,9.568513218112997
8.79276504890913,1.2684153493338992,1.286417095407082,4.386279380827968,8.888929762990648
7.574987996227469,0.40114543111479906,1.3669168916684815,4.359663800690712,9.718891148908574
7.841044737713339,0.4016925167557519,0.5246226694333069,3.917779386447336,9.577944010779635
8.224950033306175,2.0683349275780696,1.4676223779714692,4.49692429898467,9.346192480999438
8.2071243929014,1.594569793366617,1.0827511934546565,5.050784494987665,9.097825462186899
7.637133848523917,1.482705848844707,1.1348140779136655,4.781806801307239,8.6510038723719
8.28820374386079,0.22575680591046687,0.8183424475285133,4.131179780719512,8.659314504462976
9.224510371353103,1.5455138414987162,1.4169774113458757,4.745542627942227,9.38281105139784
9.494289841409357,1.6905180818509415,0.0032355481053303325,4.795970564563539,8.945491776721513
8.781380718941127,0.9833076064404306,0.339413992067371,4.56520219824745,9.818846300342598
7.758981859240435,2.138293873089375,2.0791886172407823,4.37141703016775,9.550196351844809
8.367663254349166,1.3864832008327306,1.205408087072657,5.540735213933739,9.312669354039892
8.321295909855303,1.3330173167351282,0.9802398352245201,4.739791150807861,9.661346075353846
8.812064962009655,1.8033431478488853,0.35873736384441335,4.6665979746041,10.130201567245368
8.131093415635478,1.875017924361829,1.836931760632049,5.897258338528532,9.32468570796764
8.566941940886107,1.646757612016678,1.5015480914205273,5.364224409501093,8.65042032448438
7.7445703496722915,1.8088531332344193,1.1236882578665162,4.320737753907669,8.337275913257793
7.956186543514392,1.0723264043801617,1.2508070440346994,4.491953709795106,8.525016382088243
7.567929909085062,1.1837548787528533,0.7971301535803069,4.5966977245359315,8.269912252432265
8.347629181799123,1.0560335082791785,1.2260811920693861,4.968481834886655,9.482014301295111
8.962007393839212,1.8077871056083905,1.135256015245236,5.243883525207627,9.365464567333794
9.07138963223324,1.5596271780848938,1.2014508025453707,4.4351678476880245,8.840853123423615
8.871330311295162,1.8184447603673106,1.252658777866845,4.370404692604334,8.743785528135307
8.075020758193142,0.9769038026236405,1.5021669893101612,4.776978342275025,8.981929076959013
7.791062805538137,1.0690546009411406,0.66089078229045,5.551440927966593,9.476656329325564
8.556944377764294,1.6529086357069684,0.22593548539343267,4.644223266105824,8.470882717908422
8.280504783893933,0.6080815297306945,0.8301396258788076,5.251445618175064,9.538044231281903
8.395374988146584,1.9890132710986632,0.6739893680441287,4.716337063199475,8.431686374316211
8.065018328578768,1.2978348327062115,1.4131666389586475,4.269538272545617,8.986910138287277
8.42233418734642,1.7317583317763032,1.2273532408845194,4.100649324847004,9.148571369821195
8.197328388471318,1.5180763791492686,1.041384094935684,5.222904878267043,8.595927326746493
8.389083931001986,1.516561154481896,1.3198978605931966,5.104919593214739,8.99027186967929
8.61207509428099,1.558777861029883,1.1941348285478228,5.17312478261154,8.666860080695718
8.784604922809969,1.7438560992273646,1.0976978739962682,4.701951137157028,9.29112648917944
8.05017616288019,1.782545902806685,1.2295029288741113,5.162502932371822,8.258732081726416
7.3022913577835595,1.8978560959549384,1.383224480717922,4.301642857492453,9.554274224291474
8.797029400541332,1.2148147796586743,1.8481865113713785,5.514500141931992,9.112735925744248
7.798818246047195,1.3111721805035168,0.9300351399733312,6.0920592811138174,8.417203891840861
7.469250948156748,1.4346671463166552,0.9598338188116058,5.24608958956158,9.563366513359233
9.167108993275221,1.408482314196942,1.1488390370934385,4.886599122167714,9.051990255685492
7.721474422591081,1.6360586403757678,0.9019307836680059,5.250458744932272,9.627703350990055
8.711217695736178,2.1815009931391156,0.7964362036218802,5.075700311348744,9.217626443437332
8.905692051304316,1.7865860332802659,1.0823824691313102,5.762417755935532,9.580627741544928
8.969748963136004,1.900899340670263,0.5708777678102144,5.21988792454591,9.09812522016273
7.877510800480677,1.2137905353082075,0.39430609156749663,5.125898650197918,9.11884969872282
8.22212410537781,0.9692966506653072,1.5100859245088292,4.249912835650415,9.183632766030888
8.256377232221588,2.176577032898302,1.1068024037343978,4.837618852486075,9.051018517548016
8.13407787320144,1.1045819158655048,0.981214842386089,4.939091163539941,8.84571150343831
8.440365464779548,2.220929208454647,1.644641511625704,4.320549377111117,8.92635324656769
9.379768479604655,1.082426237061053,1.1905548045225252,3.494449082994263,8.722753267152425
7.639903640243515,2.2757275722818697,1.005740929267966,5.821775939362399,9.540546508399071
7.737816939930164,0.7774407694186737,0.9491196203215811,4.700341979950971,9.074261361572878
8.004185099119209,0.31455857224698835,1.0843134881309104,5.22403364420391,9.48088139067063
7.5672541875415975,1.070128677987734,0.5847353771234829,7.169035353854212,8.017857101629557
7.896981324577666,1.8719971920564513,0.5020791285378817,6.179435740374948,8.028182202945535
6.505349861150399,1.3059559672526728,1.107603429083055,6.335672579649897,7.750438541130263
7.814403857875456,1.1510322926205514,0.7415716948365448,6.4272046826719915,7.835045576098083
6.330099476431651,1.66446916356387,1.9387297028211152,7.018176952546623,7.7496812475288275
6.664198352914523,0.9174117864838804,0.8693937127859803,6.440171186979458,8.099518502051598
6.658218951254908,2.0129358626501057,1.1950669397960916,6.590877391105646,7.722788763760387
6.981164760300685,1.4719867164397884,0.7345828804786947,7.253280927667943,7.1376342083057
7.774595546849316,0.8631989901513012,1.071046598484151,6.39770929616945,7.416313499032584
6.5570372240485275,0.466173016711807,1.4860721470861211,6.848128105843627,7.912132920856633
6.58686875687699,1.8991585466453558,0.7907497530239229,6.610755703051784,8.234200847280553
6.872555041745593,1.6465224521892319,0.9368820466390164,6.971648071265581,7.513001977426977
7.344102174954275,0.09386153076477677,2.063749146849588,6.7907004429269975,7.370592806158543
7.097114646702989,1.6629514465534938,0.969941551006549,6.36089114736199,8.243844793860754
6.458895129337412,0.8868379372170614,1.0290802533886536,7.642236780537633,7.334139555659833
7.1631301188846015,0.9972427080164359,1.056942755785162,7.110120448778195,7.462377611679213
4.900721906134073,1.8423323686639477,0.7453797834702243,6.524465109947708,7.742085926305099
6.648709361144886,1.0806062573858193,0.29182976125564575,7.455057561066775,7.751244874602234
6.316760536570536,0.7298094780006867,1.3891846278679427,6.610859086329904,7.77297705890358
6.9462253142098005,0.7498476303130535,0.7869913444405768,7.444810286345697,8.378308854921467
6.969926836939669,1.0061495716038282,1.538260768658144,6.636573916531663,8.26941547165051
6.320076498651093,2.110080140043653,1.791604075735115,7.149718462904318,8.436565717341063
7.394104179448362,0.9770881406008646,1.5247570745812649,6.380206355550465,7.701900093144813
6.440106197095635,1.259886772385655,1.5432207459338196,6.836075600171341,7.330128992573851
7.08333225180809,0.4812259962692128,0.8668917606232565,6.83836521259107,7.27542882338626
6.683460808966832,2.1853272436246183,2.0732598112608125,6.027511544345073,7.721822827626383
6.654965320597131,2.369055751110089,2.1809804023208734,6.724341048099317,8.371454265995883
6.965982246130952,1.0304747291044964,1.0267982405763185,5.484573654593405,7.327995591748125
7.2996673751132,0.767281433223073,0.32810954508466295,6.19213530678399,7.586595072933707
7.367871889671565,1.3164876504519123,0.6759461229120558,5.562888351495565,7.29292830378682
6.561995810003065,0.5472569370672344,1.8020398082696563,6.1568661195788605,8.809983890233879
7.193059485140606,0.14811594224115932,1.454189314082601,6.682763214236541,7.6681569542499926
6.63002076893969,1.0280736419131535,1.9185312000093637,7.02959469440475,8.388202279258545
6.53119179329939,0.9202310352245809,1.0146199703391372,7.34858559794984,7.803260267149294
6.364473101329844,0.33578900938104916,1.2181660531659138,6.873772566380294,6.950149474813823
8.033413204904674,0.9429598370944492,0.7141416436846193,6.223293625214417,7.652255435627261
6.456030444453227,1.6819504193431438,0.9837464969825681,6.926570982756863,7.441067498634825
7.453425131344396,0.12366999046172378,0.3466884932849571,7.019219727363323,6.331702752525005
6.069044976657976,0.8624138903926624,1.3832346661726858,6.7574055368908335,7.300555995108094
7.335508815590294,1.3158378336159346,0.8906999160096047,6.423938299818972,7.735675880219545
6.318423453970747,1.0865817089988883,0.9680342517907872,6.329430271307098,7.640065628797644
7.717555792105625,1.19690626674235,0.5524539429470442,6.077395187389014,7.714783123253999
7.046136092693403,0.9646112392090236,1.607296304061866,7.129816137537133,7.786535332094852
7.116005561309327,1.198130636823096,1.2069444226423218,5.938354788452016,8.19271582569638
7.2754140217451075,1.5205274488903167,1.004162642614201,7.678629165690378,7.7554555188631715
7.494534029765092,0.9549411554457066,0.15840682171090803,6.976099423014278,7.42133239394094
6.833944771937382,1.726519673784979,0.6342056287506523,4.668241914280248,7.4898342791104255
6.588433433861411,1.3852983395012668,1.6581660432003011,7.527895442464621,7.124105779190462
6.766904902924483,1.6624420950313323,1.1725241614780642,5.664615475762655,8.106737839980546
5.856455132226392,1.3900728468351242,0.6799442266025127,6.903764450826689,7.770419632451691
6.8447610073836405,1.0984985193504502,0.8967619965174924,6.885930898738386,7.387540452611846
6.565668048945386,1.2341027161084726,1.1459288630775442,7.654805977794519,8.02259017469173
6.680544325956116,0.8521631182009929,1.8079069673548744,6.805754218798714,8.168032320176735
7.0832003385785525,1.0972602034619365,-0.1362228817676825,5.73781147156821,6.09166577278331
6.670454843351995,0.7579333003165696,1.173407747638829,7.297305280445935,6.7332458109074285
6.803446709201003,0.6881181185591773,1.5937299095658548,7.409004819647636,8.010321867310715
6.741061612380718,0.3063626943013228,1.031503463183436,6.540839765054114,7.2756764084763565
6.848751000545227,1.381720970431216,0.987868782418609,6.3947153728371635,8.08492935540802
6.454911957543826,1.9010660791198424,1.7963466796973417,5.705852232319915,7.8987638079266205
6.272518882719998,1.347281041009375,1.158843612416158,7.101134051910483,7.1893147471808945
7.338362612606552,0.13198152541112496,1.1170963231921462,6.6276870489684105,7.787534278273634
6.567931079983964,1.5145312729785878,1.5204483423493782,6.776966752238414,7.494210890435349
7.264514307901311,1.591107203174664,0.7063554003086538,6.635488671475193,7.4780787373292545
7.614302137184577,1.6362639371385046,0.7324490850430568,6.073236567432278,6.743581968448622
7.083919518080805,0.13197193455865874,1.358362751709022,6.515703827330844,8.990595870709756
6.4951887909307535,0.7932529258556629,1.5657549772709989,7.127814777635264,7.90254261747446
6.924076274137021,1.5333394633738542,2.3066901007350946,6.798977139086871,7.078407077125942
6.038308464834126,1.1177433074339562,1.116960310851246,6.5462159555297035,8.388884135871182
6.324569221160421,1.5013480242984911,1.0183093800083536,6.95494058548341,6.76709381294277
7.075385726942283,1.2513025602656702,1.5963682386822098,6.231115406746308,7.297646116136944
6.739445727620948,1.0313636475770311,1.2230002343028459,5.914271678796131,8.018706341837122
6.6583909981145,1.005935646812394,0.8935316292467008,7.602492567616736,8.993820341293738
6.494423014757626,1.2979682490580038,2.037686535766893,6.776160020582059,7.349224277477414
7.641359472541624,0.7789591147105377,1.1966523190768346,6.9789398303524335,8.410270310525183
7.069683804800798,1.726669324909955,1.6599505868283924,6.433468202123304,7.614885245941701
7.475321308672721,1.3362570085215586,2.332294945185012,6.707836116801736,8.271349148008408
6.073965838046834,0.36906509913872043,1.1929335602516518,6.3785739480985955,7.520312845767072
6.219587056658309,1.5306579143991867,1.3883950877218307,7.555866634937589,7.8750415398065385
6.124761863468778,1.1222578457311565,2.402690303072949,5.307825078191565,8.53508131822007
7.596762574544426,0.5911075814705976,0.9338006478800264,6.9321070578671655,8.127481830371096
7.028041770234417,0.7222144065377312,1.3482918112494873,6.538107989787844,7.0391442830565065
7.458835569611974,1.4389053021237528,1.9317335811481855,7.607442754241969,8.692315759944993
6.8557105034099415,1.2851067771512579,1.3627887765398177,7.601097623014796,7.978478306477651
5.658398007072433,2.0094198342017977,1.2826823578207665,7.274887146604685,7.511437237475629
6.104392959800913,0.7810085507085627,1.1332573872003036,6.764081816129479,7.3346092110518
7.116851381811972,0.9633520157370391,0.9123372069802325,7.153281230171664,7.1568544813962145
7.068267028090794,0.14791791291770784,0.8352207450701432,7.129527255590828,7.791593530377467
6.965489766988397,1.1685272906439312,0.7822328581241007,7.78693305949181,7.634421336669174
5.946735244571363,1.2318215478615884,2.8573174381056194,6.5449242649154975,7.674421312966345
7.582673902772012,1.5861796969031146,1.6589970390450561,6.390948597490489,8.377560537873423
6.437080671076217,1.7214028780765558,0.8349989744629391,6.693391093605709,8.317311528740284
7.689488837198042,1.1949604884155454,1.251077266714202,7.430995535353093,7.619356859833298
6.702968565041336,0.7425898544921721,0.8848069229269384,7.180111177474456,7.588467202226936
6.785538531095406,1.4708309995589757,0.9541190116697671,6.41025990018344,8.141608498153587
7.148223523387485,0.6916939142978202,1.212369244602367,6.28180432832187,8.384072727413512
7.031270529245694,0.9495352861164792,1.3452600808595006,6.474807943677262,8.168546854270232
6.379964392186516,1.5329666232018027,2.3926319933469973,6.3317925882906945,7.79776127990674
6.310642305445917,1.4688090468480195,1.8206688715084642,6.819880416535558,7.841449349514921
8.333712193409333,1.0905018259156753,1.3108836994130415,6.77094445956172,7.573679228495697
6.01465689865409,1.2803395272353135,1.129270674324987,7.169035298350904,7.9744025765579565
6.495586022660707,1.286418520585606,1.1097815166090668,7.153098560513356,7.656443058386912
5.968453653277291,0.46747040454220556,1.47021719161045,6.0905584458430475,8.641513500205955
7.021281213283594,0.39604229892499776,0.5577811022290488,6.022100199880641,7.429534843791843
7.318239379001195,0.6834170685421207,0.2974683516288863,6.635508173013113,7.648947494906347
6.647069079914865,1.6216256165823892,1.5376256776462658,6.0337033883996884,8.29495467335483
6.411505423878233,1.4702429999250886,0.9015221769040134,6.365141284767677,7.003155482199467
7.313416714134423,0.48282563460938765,1.271990104880861,6.383567564441068,7.373773581970933
6.613722317238534,0.8140698913539095,1.9449388904244742,6.648845204833403,8.554102377275415
2.3314851372531518,9.674796546116035,4.101307782316704,3.8594465358902355,3.9914770070509666
3.942339289078662,10.092742155611976,3.710352430092202,3.311830292242737,4.3970490370398485
2.7801757056054304,8.76421914032869,4.292604660882442,3.389643055934053,4.597416117132223
2.89963909912391,8.495122713315414,4.175055923207312,3.7234526710002034,4.0059294846481075
3.7594762920154507,9.331108759112492,4.964509469588245,3.628639842852103,3.7064288084663777
3.263410959305597,9.093918065587525,4.751081705927937,2.9541031339595483,3.4017387031090163
3.9762647438713477,8.319719641779672,4.255615421507162,3.703021173345303,3.74398278871917
2.731912467981892,9.107384683738871,3.3700422881493983,2.931874773367386,4.264716621180044
2.943460582788099,9.266248898845747,4.304736587827898,2.836898898052366,3.758454727999253
3.6914454860478116,9.266310822569222,3.9717037674072397,2.46968587335027,3.609426304094071
3.0370122424455075,9.179843018437913,4.165255488593049,2.9998148451240425,3.7397957643778845
3.314916404623703,9.561295210728993,3.2988701275414543,3.8927737563070774,3.859460126419811
3.4171955949251887,8.64227078315225,4.711882478902352,3.188878434546045,3.519144581449476
3.5427634863863355,9.688345891790082,4.6393690131586895,3.1711771078942164,3.789444727863646
3.456868106907982,9.589427816537913,4.555372886345917,2.3978699354883863,4.759838918399789
3.3476126500232626,9.146947057877773,4.635242601613487,3.5136632307301525,3.903757322419721
3.2209914912591677,9.081536486746383,4.729501002100698,3.024924799364519,3.5953872235559996
2.9278423242676763,8.861564988866167,3.8522551873589155,2.6278602432129556,3.701911089605397
2.9490546584070154,9.272000772817872,4.099910792118674,3.0129366671640816,4.4736978406491
3.35737973178602,8.494592647554418,4.552606622178386,3.0195251607534037,4.060560926966075
2.291160357525811,8.93719845625904,4.022704506785462,2.318730471805538,4.2403531315738965
3.7743297832636293,8.447738495473352,4.251124452312716,2.1728251607874447,3.4457003783227327
3.2798767117894427,8.938033956549923,4.321040256005946,2.7044163155190555,4.7856154059369995
3.093474866304212,9.993583422579851,4.135312381033992,3.142441771615088,4.092309656792843
3.355723973823658,8.998744317438115,4.120435258739474,2.7374815090642857,3.5075578995522427
3.643808992454895,8.501685413126062,4.9036477070753115,2.2217206052917624,3.5144056246325817
3.22040092637777,8.931708563203232,4.5492678317659685,3.2925738842659613,4.290179424477701
3.5565848218696403,8.29240103697623,4.529476343200767,3.2384080878465946,3.787613920018351
3.141628949627749,9.59796600760017,4.664622567237455,1.7120374328778325,3.6214326596533093
3.0757169665545447,9.432740855756993,4.220597288705102,3.212734684969488,3.9297231561431514
3.813573978715435,8.662938820059304,4.21894073198475,2.9604263508546595,4.265134060633427
4.064472941030699,9.296854328091122,5.2833682970434985,3.5177168126429867,4.1821844323032
3.1423255348028247,8.180281456178879,4.290884402507811,2.158607062631843,4.206699677958335
3.417163900492321,8.7570272005626,4.326251749760889,2.942723358992786,4.070357476903105
3.5451022483661956,9.845602415574634,5.2188787181956595,3.9020796265094573,3.7280755833015236
3.4368989047731677,8.633501990583712,3.733431674325576,2.478550391018127,4.7578181775887725
2.8329453356707957,8.570964930613734,4.668548708457965,3.753465205357773,4.537959939010643
3.4236716997984358,9.383278951780705,4.737296385717475,2.903384597279603,4.938039595600341
3.602130194467753,8.241237279084702,5.092314270918253,2.3354226768286086,4.555059063406508
3.583681564477775,9.712475445111089,4.519192144234473,3.3311373135285347,5.24607868467188
3.7358397379987838,9.664587802754646,5.46220710848926,4.549066604536512,3.9585790920736366
3.360546719044632,8.729278583671627,5.348068623017336,3.0926089222945436,3.8663189565127194
4.2561424207007255,9.32940260058678,3.9991536674220822,3.882462201678739,3.4354541005488395
3.3638783608263214,9.25287773282135,4.90094384837653,3.4133171131854336,4.593575878493971
2.674289462765382,8.52580329519728,4.506649423495289,3.383314800880109,4.868807764208733
2.9834075637166757,7.957997354057189,3.3718355513682763,2.852241938316003,3.4323961678502437
2.0559857955543075,10.233725688089777,4.68901105897354,3.314745593541996,3.826160237617905
2.857791826754316,9.636706673147248,4.261113718632673,2.3938007408901782,4.262365227856619
2.7785925231140047,8.753753715062503,4.162101525393162,3.8231536376819246,3.6157321299718213
3.3080979260856607,8.821043226463662,4.399483108640889,4.179808699005062,4.686679133692669
3.1566584076833566,9.108990345549161,3.5968275462027512,2.7165771203713396,4.456707707915721
2.5865896913111595,9.070618935507305,4.657264700919993,2.4435401698087853,4.565857561050085
3.595322344088478,8.11124131790877,5.347293475146395,3.0380803527267184,3.1242750196657116
3.269704853840887,10.175077365348805,5.235971273707735,3.1428177861751254,4.443750652324762
3.66984838344855,9.32198491753226,4.504319579074805,4.107116234484557,4.791724475700286
2.8752074254354225,8.676640864927796,4.396582982794734,3.9778342219135494,4.2701079621552
2.7978822700757147,8.597737081560007,3.9384377029923288,3.2566883377782054,4.316518698371712
1.74072202351071,9.015906632207518,5.15360331669914,2.3164096040917506,5.172026613061325
3.300526782491436,9.929305726619917,3.839341411415901,2.8809083702924565,3.82528446161553
3.0168276632986513,8.119762315496338,4.724052514849844,3.43185298920675,5.0920887315509376
3.7175362990805345,8.737562437902879,4.351715469205705,2.6981221473257015,4.998192134573135
2.7175644462834727,9.732109424818933,4.965160136682283,2.907886441805332,3.574677511374729
4.159065191154141,8.50086210953929,5.137443325074532,3.708760265467153,4.203647722457013
3.1199235932132927,8.563687093913416,4.641136348776134,3.2670216677442947,3.9828856072633396
3.8747196830059147,10.162214694467306,4.104844613331028,3.500705362235512,5.306900590923275
3.431801380978961,8.135223503962335,4.0946712730055514,2.503846100531431,3.683014074741858
3.293128651537115,9.259560330906199,3.974736246100451,2.4829773937953794,3.8743966501686984
4.102238626473665,8.679770599554464,3.9234129214936284,2.895085803795359,3.136943751156635
3.36834548956742,9.665440835716634,4.373236553408072,2.6702311668490495,4.849773970422001
3.504767339073384,8.371679547709226,4.479699474729048,3.4645127815475556,4.639948856829984
2.9054779992367528,9.412053738621186,4.567691967229748,2.524328752927301,4.629223826174532
3.6173111327703795,9.196901878928635,4.310966551874045,3.4374403811735412,4.513031589199482
3.5145179771335613,8.65990962096324,4.715195205156339,2.4079424318431277,4.656160205686243
3.2531966632976466,9.16441176539632,5.268975294903979,3.352460559941455,3.8675376104556816
3.3214613636407675,9.024763067735853,5.02143950523461,3.0332737664669773,4.371188183811048
3.3715801245723496,9.097171908720384,3.3951873683789096,3.3816323852140266,4.56777609942079
3.8058386908720148,9.742270957260425,4.704804854727628,3.1336119161378404,4.593528043281536
4.263554622142624,8.756693569412347,4.242883352857143,2.7669784902974195,4.063467911865815
3.617708532122822,8.792151820323713,4.718900618218898,2.5069414589024483,3.737943355214414
3.3796290578364347,8.727527434287946,4.611537236581486,3.6879040444433002,4.388798182302202
4.163904176624193,8.629222033318632,4.172776791860637,2.732881534060115,4.145673805277125
3.591778371222638,9.355854460672226,4.604519281895341,2.6982795073735684,4.4057181460295896
4.176593084693309,9.021422350938067,4.750476826024765,2.7872823458218265,3.2637250726969307
3.499518527621341,9.256934293959482,4.506196369682874,3.0258344505507826,4.163207276068941
3.321411551877112,9.025147731396082,4.152100223830089,2.9465715537649784,3.515387528680665
3.555454175600825,9.717944676839346,4.915574547644943,3.160270455278733,3.714651261467473
2.7627275329437384,9.050208035114013,4.308476016285946,3.2529415181220003,3.163044125699379
3.1084084937082275,9.69900830409961,4.26455606602949,2.188413756718101,3.538426917034859
2.7755253585458077,9.055800624139058,4.065447269662129,2.3238130781425994,3.576914586917007
3.474302694142893,7.406039006908694,4.495235982055256,2.6546942193005654,4.582263894233767
2.300609219960071,9.20334246752193,4.212947172960203,2.446437622200979,3.9094020284818947
3.254249196748812,9.540421064190808,4.633683052152083,2.4823405624470958,3.819239567291687
2.9476807707763166,9.25767621234139,4.652427956270281,3.860765176757678,4.085732542529827
2.7622520273085818,8.456326086037686,4.163697743109109,2.9741766390154636,5.028340496774689
3.9997513078368496,9.464004530798752,4.440068299527376,3.079025322619646,3.869958902212773
3.2339164298117637,9.21306442580126,4.767705352457787,3.7509933493412397,4.35944957688864
2.3476862220852004,8.687535172661153,4.095979416853084,2.5219224042612103,5.444590727588577
2.890563257005716,9.66826495474515,3.7306406843006927,3.0729968769173386,3.4203118342031225
3.03600939009455,9.831359593892913,5.043253016480577,2.9812549051551853,4.2037978806951966
2.40591712446113,8.878525055190153,5.089690482004806,3.5977322728543255,4.922124269792993
4.807986447717571,9.685250821793941,5.225681914063663,5.812320664868906,6.639112742837607
4.327058301270959,9.142941700829224,6.1072320339044115,6.266700329663072,6.238905186040666
4.868793011236651,9.608223175182586,5.44970792932202,5.694566483956609,5.45100645066236
4.899055876327536,9.792943834807646,5.552754181044112,6.286892298828259,5.527177912571107
4.818289383089812,9.829051537230015,6.095462337087488,7.171809971207951,5.826101861102379
4.890607343878697,8.089598080945962,4.588840959980679,6.602975472677045,4.667233198068716
4.7952290283797785,8.623708630306288,4.912993766280046,6.782755495963342,5.881687216890978
5.267952721411643,9.214203147069494,5.334047653336459,6.3755817548866025,6.703292256637256
4.085749134218059,8.01448341273993,4.474686504460725,7.045396263718886,4.92594035663768
5.611696232735231,8.25611411676701,5.643384905196188,6.158854804635852,6.280718825809926
4.591280025398714,7.9053156125921955,5.6100904178076245,5.559825835291316,5.976605296581832
6.22096082785897,8.772071449002086,6.369583699654107,6.5989743984060825,5.5725471152343555
4.65598509747993,8.777596369064216,5.358767861926319,6.042666941269066,6.139009570824918
4.746281051727146,9.198119336084305,5.247514590619461,5.492275403569375,6.460299496450494
5.612781951905161,7.970430776886249,5.120738992473642,6.370819461854273,5.562433955082568
5.153969401524387,9.174417589274396,5.680766338446506,7.597409712834462,6.2004197850351295
5.334198963371766,8.561590333575184,5.012090354419655,6.106119301931625,5.561426559661977
4.997740537223658,7.990576595066705,6.590483748014951,6.58690929042127,5.971624090701403
4.694924388771008,8.910421184165285,5.885536496148815,6.909175161344353,6.06703757576715
4.111001298285084,9.117130828394316,5.11495587413586,6.331069300737705,6.161008683827097
4.111237399573062,8.958651187728297,5.133525173385913,6.603834266953196,5.583118201861466
4.442987687613365,9.21919844860551,5.088704001639936,5.923427611932831,6.415159134232236
5.743334087490165,9.626724532547781,5.293172845422209,7.1802064138988335,7.236665034420283
4.580264304777792,9.15233852163878,5.509642440779863,6.543126420426079,6.276807063284036
4.763417653888379,9.303225607399437,4.839402757711356,6.48743344352431,6.393447566688181
5.325817090075657,8.589995026419523,5.335430711826422,6.981286666173926,5.799459262471266
5.345534672015667,9.249896626995488,5.3837772725885165,6.332480187750037,5.876479555076232
5.183179216362314,8.81368000198143,4.720648082291197,6.178363437388495,6.664923109968345
4.684397945784086,8.57057388505872,6.140922634858566,6.113237538559155,6.08490199548863
4.4537730225087,8.724149498417177,4.848366339583511,6.423224924896232,6.390743705797812
4.607931311499215,9.505665043890364,5.008477383089302,6.232318149424925,6.069762730794436
5.326762570310159,8.907935982615452,6.1836544570299745,6.249986467285779,6.556457431386703
5.2884350727207075,9.298161681381188,5.104886013584807,6.30670646284434,5.921854947851396
5.0159665858905935,8.936580508173346,6.494769936295996,6.114926792210192,6.204778220780588
5.093023992428193,9.636530550798962,5.2674498686599724,7.03559941844254,5.956928131764223
4.592481142556164,8.520848137279565,5.343184061528708,6.778164138338962,5.366928489048921
4.828337357282916,8.365104433045921,5.888524090172453,5.923481452319858,6.037940133040684
5.251544925195085,8.879838686609475,5.505613167340206,6.237899387427054,6.224097569715107
4.839042870277913,8.937161179178585,6.156867203189793,5.789226099645125,5.961156337450024
6.0155579644678685,8.62245621538173,5.476976014346489,6.248629522525701,5.831021973317555
4.713106614306334,9.16819882161864,4.623847540995392,6.362426284844779,5.053032608101554
4.790654626750945,9.03713982049895,5.52373035020733,6.4080678829175515,6.208298952355164
5.591581003883414,9.22241447573093,5.820016168499024,6.449872796986813,5.676873503229357
4.932608822337217,9.430369622303566,5.873171352037542,6.132985788590983,5.534068908102709
5.044276093058111,9.257991113078626,4.739624342551371,7.237424415402661,6.337638690854101
4.128753559239833,9.104001046483187,5.652389237224614,6.786387733316472,5.533665134302637
5.768173217698385,9.175026764670648,5.924988182008917,5.701439296837637,5.194182688401986
4.957086134394599,8.387536237541156,5.713412131288699,6.1481883358499685,5.487638483614078
5.054009568755429,8.20123353220345,5.29354181255606,7.069662420045563,6.211241120817749
5.893853453651938,8.467765349820658,5.383334740323921,6.624609359955246,5.516835455520233
4.386402241242282,8.908862079395195,5.777211997114686,6.67448966911599,6.2083688140385895
5.396695675342007,8.240080294845203,5.879070168417585,6.842645465400421,6.295176597156611
5.421701990253278,8.94903246812106,5.684390589561664,5.9949450329404135,5.62706878366474
6.127629449976552,9.459472004996888,5.127066521773146,6.387379945143077,6.050258866119764
4.927386991478075,8.65982421501329,5.161176119456725,5.983491458088097,6.190668410115243
4.799580288016101,9.594934642976547,4.803663440102245,6.693286761114954,4.73165432848794
5.671353154264986,9.193838421105024,5.6589662301653325,5.625156401269727,6.1733296699194
4.881460346287639,8.245002683960333,5.777079555779088,7.350506025811964,5.538012671863744
3.9881706164965403,8.884374110506618,5.89648008492706,5.8006385905423254,5.387406567005108
4.507440277271438,9.22243787779518,5.57985587621682,6.92710966758686,5.884748051790124
5.470283228454618,8.93333217366588,6.1238598548568985,6.6922521793371645,5.61942033936743
5.377670963127501,7.960554750145481,5.183460073576766,7.3331829620452496,5.928254195306328
4.470977849123477,9.446917420591605,4.8856068890575415,5.964143161356124,6.179258239043295
5.1810876682130536,8.518998497910626,5.167482749714726,5.586840984615796,6.554214016552754
4.267125877833106,9.502124796200416,4.769764722198868,7.167481718174217,5.542264871955765
4.622087484513306,8.512756251318999,5.004868411105256,6.75761866387853,5.46849848376047
5.975505690695561,9.043652065769352,5.527422562576675,6.763875029607751,5.987071864786612
5.002183679087887,8.772409301714283,5.708126160217483,5.489591738637842,5.947361843062957
4.630842324032179,9.343732372683329,4.668319499105162,5.7805399057062585,5.502753128603631
5.212028901177747,9.363657324234266,5.656638780809422,6.562734744672346,5.815976714731615
6.146354664814565,8.075832905373701,5.546617655374521,7.369219809809156,5.480356535439805
5.936855425561154,8.592223176907561,5.337661145229197,5.741657294899993,6.2358565435867686
6.1277408434776515,8.502792758051788,5.162126277567825,6.088980525078808,5.513551857533797
5.6506365063187065,9.220673528491997,5.480168833858321,6.88494918622181,6.145374479845033
5.343724339316367,8.861975074652456,5.798520308345282,6.566039207222332,7.1271843889283435
4.720476924045257,8.745512236273896,5.88888451705402,7.22944018195446,5.212916178330907
5.126901051470386,9.466027973604822,5.603906608920021,6.450504037886762,6.023367938540556
5.461100349335212,9.172494004109076,5.657377801388848,6.1242001940379645,6.247180246184116
4.015950929215663,8.819431627602198,5.683624272037223,7.112345019576098,6.076183559186233
5.588625176703316,8.044557745488447,4.7347347817073775,6.146143536946349,6.202113842607158
5.294218124336183,10.384268922264297,5.57644069183052,6.347506751381131,5.506478369171259
4.935580151993136,8.44549014163597,5.172308959418406,5.700648306395497,6.400223651281177
6.033515036326666,8.13413775357069,5.340030805862751,6.522313280780196,6.334261174325086
4.670985345437069,9.487885644174362,5.182515504577229,6.748229782560361,7.365209862004466
4.273921334474507,9.037799491447657,4.852367304075829,6.426769864725963,6.1350130958293105
5.381784777250519,8.676535312945704,5.442224491944961,7.3525932983225495,6.173062460283747
5.169019525678143,8.901234187919787,5.482630639988307,5.86095794087219,6.11076610757864
4.267782527998376,7.9975986377652895,5.383065341753681,6.873445251714217,5.673027848918985
4.678650615840906,8.419936654936098,5.595290828263724,6.892856337939053,6.47166325430165
5.20181235600411,8.685982036030447,6.311561506556248,6.357488105321996,5.2609905347561305
4.261668277911475,8.483615872403183,5.3428566740069625,6.13392964399268,5.234591240842006
5.216446158693302,8.944483912125662,4.841476394623798,5.447792099062234,5.585672783127507
4.741893998858466,9.029651025917207,5.274571676532813,6.324480330274793,5.493364297957197
4.5911974496426335,9.582583007740649,6.283617902323732,5.818598929540493,5.581072566040191
5.348026037530292,8.871503831164313,5.0786192457347115,6.53740687541501,5.946584534510982
5.344376692620043,8.126895104939829,5.653043759584427,6.0975486184678775,6.28848905791427
