1.127690171893218,0.4447733761564861,7.068809600027862,0
1.481765945590567,0.5034683219665779,6.9506376785927575,0
0.7109336960361545,0.42080668544786987,8.181812326905662,0
1.4390735019297975,0.5573850186763916,7.483590987101926,0
1.845975748746111,0.8394361544674631,7.632366999267716,0
2.3759300565352586,-0.30748615649193123,7.055837078114966,0
2.3697488373441287,1.0149269265152219,8.006257711888074,0
1.070445224036253,0.6944026622256054,7.59546231507496,0
1.3315059873972461,0.1218716536557175,6.116040745440252,0
2.332146813054962,0.7361049365339963,7.35438585832005,0
1.3991152966058393,0.7616667445852984,6.84836740094902,0
0.9579902258029427,0.36144718906219747,7.271686481694603,0
1.976350233647614,-0.26749542607939714,6.94772377272018,0
1.0286271085006229,0.3867385983700014,7.157116554495635,0
1.4578450534868344,-0.11405687054474167,6.952548856188093,0
1.7351826390608178,0.049277950621531785,7.546565730446215,0
1.6510879188562113,0.6683589885493636,7.289361260945688,0
1.6031573620960595,0.29889093762105645,7.199046535263534,0
2.655564859394324,0.1293179550339703,7.486041929930682,0
1.2025058042267138,0.4686853268546371,7.170871368232378,0
2.228620562867885,-0.04217692553656832,6.051964595493459,0
2.3179547492042296,-0.08997482552888159,7.5980695495842205,0
1.7955900534120626,0.8032024788593934,7.0854594864232565,0
2.305319287343652,0.18984796815945487,7.51824099612917,0
1.8887291523675795,0.5691080987196058,7.970459686611415,0
2.4560772577674683,0.687284729204211,7.681182838501716,0
2.0655137134104278,1.0675117765765314,7.822116541355716,0
1.5943993285927687,0.28276982979742726,7.545919659216221,0
1.6074762248324677,0.19780735555218354,7.423960458395556,0
1.6146517307623098,0.6056059774662184,7.744756118538154,0
1.7423200572061455,1.2464207890128154,7.321619322014685,0
2.086064601455213,0.8555815591645357,7.863792739076035,0
1.90927061948123,0.8241285399047306,6.698287079402981,0
1.9143719981719278,1.0436505513010064,7.1949335705423465,0
2.288500022377366,1.2053325031419395,7.841970546258027,0
0.6777707687114556,0.2656483447220446,7.2481589627352845,0
1.5043535593117086,0.9947686526036803,6.925957858418174,0
1.9018882253328178,1.1897405892544672,6.750053312667846,0
1.8068767814233044,0.7473760373106637,7.146361454582661,0
0.8512261800085368,0.46021357766553567,7.022281111250653,0
1.884883038284289,-0.005604015922961281,6.900273820260434,0
0.8281925086948226,0.4808499219097841,8.291271520531954,0
0.9472047279749708,0.9299998242663348,7.8711001719210545,0
2.4621532199275293,0.18959880063639623,7.616872258834708,0
1.8049563806156506,0.6004615536996369,7.02611671246641,0
1.4935861773593953,0.7276813456107856,7.00706438063853,0
1.0776484845171153,0.25236143544836087,7.120360307861778,0
2.04707739231727,0.5343014982811418,7.107177909933385,0
1.6796449842222294,1.1081876073245647,7.463160293578151,0
1.602039429711667,0.6685979636086121,7.7160754867720485,0
1.6037516226452384,1.7860956256217269,7.594113836778144,0
1.4283948440196712,0.46162227705185854,7.624174503612353,0
1.8760522675943547,0.9766060375292472,6.706291603028264,0
0.9731777827270426,0.2976651959711172,7.743597393500835,0
1.8633402877810625,0.41884915633521413,7.656479713491864,0
1.2893261292190352,-0.19645238373860774,7.219295329895984,0
1.6656757326225085,0.4152596678121787,7.11584265152805,0
0.8699794612876118,0.817008915847065,7.634666784711429,0
1.2212021500573325,0.8122967691694529,7.492146970210871,0
1.9003711718493492,0.7834610301645138,6.410731125705165,0
2.0605023250647783,0.9334170055894584,7.535324618853154,0
1.969060255365984,0.8383242571860818,6.9843727764550145,0
1.339210645765652,0.6491843563085267,7.498877491898954,0
0.9710946966710758,0.9001708836783905,7.525626313175223,0
2.298902621141822,0.22167276799961805,8.030122622424294,0
1.6686714834618792,0.8398492151476313,8.075806045183336,0
2.495254154157626,0.58474124622255,6.474875817571071,0
1.3957525781284057,0.880695154862956,7.674574038961172,0
0.9243129410624759,0.9376014334035372,7.17538308882619,0
1.5505158381440476,0.06429864232041949,7.071180508489743,0
2.3820895079787787,-0.5980931579308171,7.404070653077494,0
1.9236760915843067,0.16198896186718098,7.165849790270833,0
1.0248999684149518,0.0955196928815557,7.426375116938685,0
1.123483918807713,-0.033093056598916704,7.61608736893387,0
1.7405706481734362,0.20351665442900546,7.886085646628228,0
1.527871648485947,0.8989088832059151,7.029028840277571,0
1.955859042852832,0.9553070273365185,7.104643869197643,0
1.123269548323754,-0.07050733522683517,6.606238084823749,0
2.434831606974214,0.5761331626727387,7.478144615560949,0
2.542296179530457,0.3657770915662314,6.6517322374532535,0
1.0498813017049298,-0.05186741581808085,6.941672667932014,0
1.5589929239662532,0.7085916982715534,6.873868686159089,0
1.4001935045845746,0.33918067225509474,7.388868457483048,0
1.1438996757058686,-0.24396575783759733,8.853942589602944,0
1.286014090775447,0.6727726637030759,8.05603285230571,0
1.3502835437336196,1.2331260832666806,7.3078232927493145,0
1.2881872540855808,0.691024933715736,6.604755787226602,0
0.9181113175595317,0.29965215176029636,6.6765621888709505,0
1.457506583835766,0.17612660183045387,7.022304634959919,0
0.6415349954480263,0.838120084575606,7.262947028641633,0
1.4677595578263247,0.48403374885943756,7.666167398308332,0
1.9422860250534824,0.9798361633281781,6.990194260568652,0
2.292794829982097,0.02763947961704022,7.158270291629816,0
1.7481761283616584,0.26550680329756693,7.360364851634266,0
1.6398293098543075,0.24062515118021405,7.647332701640731,0
1.7272721225749237,0.9000800675925604,6.874363412476684,0
2.5593588848611253,0.8950274434611887,6.9435536590025295,0
1.6417658028433255,-0.08681413478069833,6.94333905870987,0
2.101312650881233,0.4546376037009212,7.5956654550486515,0
1.6399540139470923,0.9414289139430734,7.987235976889607,0
1.8906303049752617,1.2927136041997398,6.914353315132727,0
1.7447386848478952,1.3314226011015453,7.696513095689741,0
1.5141878293905402,0.2962459548414024,7.009813521683669,0
2.5590539850265306,0.12631892161032676,7.24402728770891,0
0.7605838273885944,-0.2547399515198444,6.754374634312869,0
0.9668990836131027,0.3836849304060283,8.365680954327386,0
1.714211346191322,0.8374119497196286,7.5556057382890875,0
1.4798035427763936,0.9180688484810215,7.273374167763554,0
2.1999896516078623,0.7914892149897695,6.813540101016636,0
1.6833348417362854,0.46952120371755335,7.926934454597694,0
1.9694222817403624,0.5647820239264794,8.049626843419098,0
2.11902856739298,-0.04663960167539832,8.366937582845097,0
0.9823553296951629,0.4254978470380159,6.9718779063573635,0
1.600142383810885,-0.018710455056587305,7.002180494066309,0
1.120433386538311,0.25866547006326823,7.917499333143812,0
1.883491689804052,-0.15080012408425936,7.963623164387709,0
0.999301664009375,0.15476354344920967,7.533965913817365,0
1.2691937167774876,0.13290823015910463,7.186551239560868,0
1.1800890597636007,-0.11010774266206147,7.159001617810447,0
0.7787794973798374,-0.4324158696418968,7.212578173885565,0
2.6597179068399694,-0.12232746492462132,6.974477862930957,0
0.969001162154453,0.4712876324239635,6.753474113228189,0
1.952708714932531,0.17796469647629798,6.916687214989487,0
1.805642590131479,-0.23066843230123446,8.556072104252427,0
2.5528954153829324,-0.447509129503745,7.079475531435018,0
1.7882958905665138,0.06269162622952174,7.370505407523095,0
2.6079357559550322,-0.28328662189992126,7.465548695718642,0
1.9767631387334057,0.05383796649278011,7.6740634177261375,0
1.9907380076571302,0.7599454383054891,7.034487061937339,0
1.5104219759079887,0.4206867043548573,7.367918960177598,0
1.9298007336845806,-0.3171141215102212,7.801354305988204,0
2.712870273357112,0.29128117055092073,7.406905277909312,0
1.7394156918576966,-0.13742330887503762,6.938802227127132,0
1.890774801087265,0.8483768448605002,7.6723747592248195,0
1.6687193688069921,0.00033332615097403373,7.760558138890029,0
1.3382277998089402,1.4466328331785627,7.828718425937635,0
1.7535515829438462,0.16851133577324084,7.3435053725836195,0
2.2020116868464528,0.6486507492449851,7.535580369071638,0
2.223542406585832,0.8089055081154143,7.374149680695472,0
1.484866039747355,1.1566080881664127,8.820392799205544,0
1.4701982351858642,0.03187729174936332,6.8894977770682555,0
2.022736643951376,-0.11480597896939149,7.094074078648097,0
2.03662379270891,-0.26186804116853746,7.5561478340934976,0
1.8404581498438695,0.6212342764806458,7.27235116312585,0
1.2622886771556827,1.3726152087307963,7.083443345344874,0
1.423320060293638,0.3076062110658867,7.723521248069174,0
0.9685514420004053,-0.6512433230517196,7.765405310358712,0
1.3816323333939653,0.2244206784772132,7.998879460232252,0
1.459149899940312,0.8452765198780225,7.570785508727732,0
0.8461007290913163,0.39152275201577574,7.8221700055067,0
2.231477381380913,1.8376256482646232,7.106704989976207,0
1.603092432811309,0.5640039720942169,7.287133304054434,0
1.7264687904718583,0.20088217894709443,8.64881380094734,0
1.5838222260302872,1.2461630004469129,6.9845995668369545,0
1.6860533855578477,-0.3266528602179757,6.5233924874714795,0
1.0823773394951093,0.09405757760323402,5.945667273551111,0
1.7894402965805354,1.003122560961002,7.093416186902687,0
2.3200061271237002,0.43384913998198044,6.847342218396013,0
1.1057884032491363,0.2681897100086955,7.552178178304686,0
1.2676739405753243,0.21480565992292777,7.214359310165332,0
1.1750664164900848,0.1625227682417949,7.706292331617893,0
2.482600143910758,0.01779204075049451,7.227457473905549,0
1.5444915641594235,1.4769102520947783,8.32089256173126,0
0.44192030984080066,0.4224925776945218,7.391212004859545,0
2.0331951540118753,1.0501174955765857,7.442632166492237,0
1.6693389133091028,1.055382383765663,7.234888900146349,0
2.339632568189157,0.06427414643653562,7.029667824369069,0
0.7995128477772929,0.36200783803514636,6.961223636823726,0
1.5856399279767714,0.8714371128713843,6.680376295809852,0
1.6359198036563554,0.9143459544075709,8.275744833299768,0
1.4118439461385002,-0.1514977259978918,7.978594235007277,0
0.8283639666190865,1.06837874306254,6.452755780575854,0
2.137448255597089,0.9535013248850136,7.414595044041245,0
2.096236279568904,1.377626503404982,7.729718527823443,0
0.9317234939033663,0.7632802614719647,6.999232148891941,0
1.710870147156025,-0.1195819259381754,7.136110199337909,0
2.7341216790272114,0.3251210447391104,7.493018008044295,0
1.4227953116901049,-0.5109845479615809,8.038043280568907,0
1.3904545104811987,1.2671498356252968,7.973940550821599,0
1.8895618982127451,-0.18594469397230473,7.058546609187725,0
1.3763187750538082,0.4297946591210574,7.889947214397478,0
1.3801477894668661,1.410174065195938,6.671365689710988,0
0.7684118403844327,-0.05093781019974175,7.967482875698112,0
1.1198391732890314,0.36685689717608805,7.113112483622947,0
2.2767602348175444,1.327048422135515,8.142028238320616,0
1.4068854100499066,0.5426304684494442,7.827045699846146,0
1.9004975020242207,0.28727184179905463,8.28578023416772,0
2.086017750687257,0.23842086579977564,7.038054424641441,0
1.1658741277406048,-0.5728753459877434,7.829358191884212,0
0.9473474530244221,-0.004441984751401562,7.856824560803972,0
1.7726169470338389,1.1610548390295954,7.896105098803493,0
1.246691151938957,1.1054061895931437,7.938612553694988,0
1.1732945956639387,-0.6736139714471854,8.718821781975922,0
0.8027980878334832,0.1716933412640092,7.817745017828313,0
1.2279308075453348,0.3990207650053395,8.806944423376109,0
1.5567486985975036,0.4213340476624952,7.1061542900678685,0
1.5195954398364582,0.32578689228458363,7.689534800987006,0
1.446031058035057,0.09341602962740747,7.045220097270776,0
1.571122267209937,0.01609925647550392,7.280779604971406,0
1.048705164913797,0.9188226063478255,6.968472008889931,0
0.578479562493137,-0.22911160891579252,7.3205249880902805,0
1.8259217683138296,0.2529232547604756,7.436173301825852,0
2.088739655101059,0.10553503523808505,8.509243417081041,0
2.622482030957248,1.3282499659928408,6.212919774654817,0
1.6813686855793502,0.7692075355475553,6.498802701690794,0
1.5878928855768484,0.48130399404857754,8.201202184639632,0
2.496421263840176,-0.6181292828591638,8.234407994176408,0
1.006726490976964,0.4409812594285771,7.867130021254262,0
1.153371465436742,0.4688079731087827,7.674035166408982,0
1.878476816302464,1.0264342804150883,7.203980311075417,0
0.45650741170859965,0.2116510559770499,7.644659863610369,0
1.3743482328222083,0.5767547964671187,7.636039903880073,0
0.5777054266782982,0.10962653544770606,7.733762136908271,0
1.827742998948696,0.8710712315472573,6.683067699811446,0
2.2666709992181744,0.47896552420264704,7.769478794390776,0
1.4516856979895276,0.5034368471049815,7.29258213180934,0
1.3397751410867056,-0.37530341060653327,7.741742283988513,0
0.9335272613195754,0.5283205295283594,7.959546688237092,0
2.4310254246547225,0.4900398237882117,6.346558012982545,0
1.594850368929974,-0.33605364757081946,7.391249433898211,0
1.7177791643917444,0.25982559859633,7.546414798688304,0
1.47655315122151,0.32354923155750603,7.231232916629649,0
0.8388665801521521,0.7361204285338838,7.964750346029941,0
1.1646254684819575,0.10312497391493847,7.460539559668315,0
1.9626123507563142,0.6687690324442815,7.776526611105973,0
1.432012265895525,1.3636619960324465,7.153282466742091,0
1.7728788754581846,-0.06894544051714968,6.426748714427309,0
0.8674014222858514,0.8399654788733556,6.629264786681919,0
1.8636381975556102,0.400563104865507,7.715582625100878,0
1.12528972639891,0.5873672170983774,7.753797116612326,0
1.7973594692312083,0.8983743021356432,7.25971937151238,0
1.6772108101974998,0.4881096515892716,7.156635686393882,0
0.5158390717426353,0.22745303323162513,6.820242623004151,0
1.487127966177518,0.24231364727076535,7.697351284607924,0
1.36836550566191,0.5739673290314724,7.6622829738605125,0
1.4848700469379197,1.1011573969150563,8.124542399586055,0
1.022017495717205,-0.252363943956605,6.409222882042489,0
1.405968012627795,0.6301458717081734,7.422221859110575,0
1.2489585454099241,0.9750412089159854,6.391556164199097,0
2.623165270026334,0.30206694547675605,7.608932538878961,0
1.389393269192629,0.030416870125374862,7.09825329433328,0
1.520832520514711,0.15510616649059644,7.558497106078008,0
1.169147586346634,0.2092651982869426,7.191537629296751,0
1.929631046776132,1.1690482142422869,7.183394613073054,0
1.05094800792931,0.05654029692706547,7.206622269467643,0
1.3761305525284189,0.86801245268877,7.1854818876650555,0
2.262376584656459,0.8309143808490891,7.290578369101011,0
2.346847419021681,0.9914434871855577,8.309347523100689,0
2.039936877763616,0.5907181986635232,6.747014156123175,0
1.6854008939048457,-0.47116566289264783,7.749826932099495,0
2.0344914786871597,-0.24156226938351555,6.695991008096756,0
1.6901854073672238,0.6029097021002403,7.311429953693159,0
1.729515232709253,-0.09024481096843451,7.533555117315235,0
1.699205602491734,0.23288227773854284,7.094358663210616,0
2.030263050115055,0.4666118518041445,7.2851610377846265,0
2.887279652068637,0.9979826674591136,7.0549783700256326,0
2.2800063304431406,-0.44754412557203105,7.894521032367428,0
0.43877682655665673,0.09540002294139444,7.018307573648229,0
1.1885269460980026,0.5776478339816371,7.289064339843168,0
1.0411085425016038,0.23480886709055898,8.378249399940755,0
1.3366266951003665,0.3797241007212871,8.351076341889678,0
1.1474398987820382,0.6951664916780238,6.597719730466988,0
1.9419101910754235,-0.0021405421433298155,8.002338516093603,0
1.2275334363109232,0.1413379057834161,8.242935400341691,0
1.3614722941889015,0.9036227641949859,7.78849904257977,0
1.3825321297405875,0.9451082651554262,7.023622667619649,0
1.7630435659066008,0.5469538800501259,7.34355970089547,0
1.4395360210333106,0.05688877777879531,7.14039368580203,0
2.0238434871360074,0.2875693596839579,7.144960218252762,0
1.1706622944600478,0.0931793867598038,7.583702673379133,0
1.7398938761807918,0.9768328999616531,7.622512957120979,0
1.1745028902249313,1.0275790532817468,7.341698719624077,0
2.140348036996146,0.69599400309667,6.420697538856379,0
1.847690960730628,0.05083907607531574,7.865370275328665,0
0.8131047278020539,1.2525878894967217,6.71923637366898,0
1.266276413819938,0.7165961788603145,7.559121976772406,0
1.9340115648037342,0.3170870404512076,8.03541601576002,0
1.6026137508373923,0.6569939662069901,8.15986176292958,0
0.9831392482260127,-0.058328175843110563,6.917795835235927,0
1.3356876757728546,-0.10464917802566376,7.702033481159962,0
0.9992589421360538,-0.24902268883691103,7.02335123092521,0
2.450825200681871,0.13258107270424552,7.690521886263676,0
1.703702788709881,-0.5810569845495648,6.413466263081734,0
1.5003568720757072,-0.02191322695781517,7.936349937956274,0
0.8477898514669562,0.6400804519674238,6.675871980603649,0
1.7213388227060273,0.8511857874597379,7.0465633614299685,0
1.5560353600246015,0.36386792865702333,6.9524864864093665,0
1.9160359061260388,0.142875157461405,7.001873434013394,0
1.599007845424317,-0.14692476253324882,7.268647720357704,0
1.6605748576548032,0.30678476913984065,6.996470059996902,0
0.5734653469455578,1.2551466078748268,6.640879687594611,0
1.1539919057365435,-0.347417094632983,7.4096572721921,0
1.819917746106201,0.488110763255457,7.335185830945004,0
2.030424860210645,0.9469529886339249,7.09436163097416,0
1.3894787029264828,-0.49593464003795984,7.865690655581231,0
1.3642542829878095,0.33322883433698613,7.084835224730218,0
1.014615277107551,0.5576582212108779,7.862572749684704,0
1.3809785001625505,0.07454641493246938,7.070338935524704,0
1.6248266310994013,0.29022864451764296,6.739884970580459,0
1.362009887718433,0.6410432524060801,8.233751569134839,0
1.6533735224906776,0.6401630566883905,8.017095642482126,0
0.13163893865085985,0.5120322326550987,7.249508669209526,0
1.1060433979154938,1.2521944988130889,7.620899424533637,0
1.1610941598836448,0.01882003508721275,8.035570164515008,0
1.9856461893294661,0.20747429768929185,6.884982698216914,0
1.4899150312804412,0.42866802269806825,7.5560136205667305,0
1.3681696249104092,0.41855204863354034,7.436878376400566,0
1.9831281393159261,-0.05535403020799079,8.125797863619157,0
1.4675828082682942,0.2828903074541578,7.514116590535598,0
1.0412405527922042,0.335271986132917,7.381179362159591,0
1.7604527358590354,0.8415274859390075,7.220325397760681,0
1.3619691713578184,0.8767175753679544,7.040206430400449,0
1.8326228122294348,0.07153052956661976,6.86080118303493,0
1.222624580436504,-0.023310261171819724,7.4174540347117475,0
1.4900113289995112,0.7811415105991313,7.926235418944151,0
1.8910845195999988,0.05419396569353402,6.854287499772383,0
1.3571000223486118,0.6805839742604847,6.678376574013722,0
1.516458827851054,0.058964238583003925,6.757030970802097,0
2.0635309375954707,0.9961771149002758,7.94475632148594,0
2.0788289043123416,0.8257404265749309,7.511152247035264,0
0.8023799195123893,-0.11087772351533287,7.5212440584983495,0
1.4198916997953575,1.2036370799558755,7.156402427575349,0
1.4117893919806137,-0.1350992354985685,6.583671486281159,0
1.1534690160340508,-0.05045830401069573,7.1783907396328175,0
1.829190842065903,0.9265602080267383,7.149423203046962,0
1.2145137058235556,0.8358333053995977,7.331309463333671,0
1.7583834669858596,0.38960369499913344,7.7481262067244465,0
1.804371923843335,0.43810710106363404,7.607603512710752,0
1.6535213635402626,0.623462260524731,6.912352243464315,0
1.9713127369395522,0.6852369449649653,7.24805370756981,0
0.6990416729770357,0.1506744794070835,7.4078972766386375,0
1.4077486178360394,1.1913436856952995,7.038809785657323,0
2.581264586001037,0.30053572766180014,6.541187059642374,0
2.0851617350504745,-0.17830017194189374,7.130583934675725,0
1.6445941347896555,0.4579780357126092,8.149153135553199,0
2.2787193178282887,0.08484150776939486,7.867220270339757,0
1.358936557726932,0.15156836578470945,7.2972713111595,0
2.600955202889233,-0.15618009445550673,7.45318861171321,0
1.69361654672456,-0.3256593380828041,6.732837032612486,0
2.0256569484876734,-0.11370962533319551,6.699806607626461,0
1.746676499657413,0.04372101028236097,7.437014563666624,0
1.3879669944608872,0.04200968417244483,7.190602349707979,0
1.4163142572105574,0.8737476286999175,7.6157370076437925,0
0.9822874720776867,-0.3499915749139042,8.376115666690774,0
1.5352916599307302,0.8617536417815073,7.466296669539112,0
1.0827017827159813,0.8695508927602247,7.477357529035999,0
1.3119189035591163,1.171583718917098,7.977737746659613,0
2.076097476458299,1.0786574106884246,7.912300994761024,0
1.1098575085745566,0.8300238461160628,7.397139931631768,0
1.7599335143396704,-0.030901585128378928,7.177027638393157,0
1.793732475480958,1.560492069977062,7.871272201416638,0
1.1782265014023525,1.1498435153873412,8.018662560883655,0
0.8042057119129332,-0.11953512008844791,7.633915095769211,0
1.2633200018335353,0.30049515320566766,6.963172794578024,0
0.9486142492975238,0.3548102593098908,7.120554401387521,0
0.7272236020307956,0.13070792960706445,7.367238232249204,0
0.33838787202264875,0.7290738577059417,7.379717128767091,0
0.855797132488227,1.0982613320313899,7.631675674376182,0
1.3376348125138788,0.3782506945265467,6.976291777500313,0
1.376557109803526,0.850962883854637,7.870933493358025,0
1.0379252418938079,1.2119231879256351,6.270102101731724,0
2.151063352198828,-0.7800474200909668,8.245444698211376,0
1.3809379440179752,0.677438057431665,6.5354819264691955,0
2.2185095465383835,1.4223128953998163,7.47471104588846,0
2.3145737503459882,-0.1552095150843258,7.739451027266661,0
1.6091253053068606,-0.16903335097009697,7.969615408707358,0
2.9784228351163975,0.899592396553184,7.458760039203689,0
1.3049388789922745,0.9679496533711176,7.344602730164409,0
1.5485569806956785,0.45816141937321186,7.947658243508293,0
1.7122506322746962,1.0874770522166695,7.258949841054584,0
2.342568504156544,0.39124921380783745,6.938433986968649,0
2.29289184929665,1.244004574409672,8.441449107629351,0
1.9581114253956453,0.8814292918172875,7.979502641947896,0
2.1699945765502022,-0.009526314765318067,7.655623521681684,0
1.5912638705012212,0.5661578614401349,7.601139669943091,0
1.874813569844227,-0.007835988713551678,7.040338098507902,0
1.1112302474361948,0.5124852604572727,7.333525305376704,0
2.1939964823008706,0.22374923001845975,7.325843399944852,0
1.3985090902984108,0.18745850281223808,8.010802900763366,0
2.0320614169308646,0.7211208335321263,7.013032037911152,0
0.379558045754147,1.065512178100382,7.354167870222726,0
2.422856478669505,0.5922126197817232,7.881802771075999,0
1.530999693901991,-0.2215541196883799,7.754278203581119,0
1.828686425217906,0.16304061911801476,7.647829268077676,0
1.4679296703551727,0.8336105451154726,7.677897212847103,0
1.427712352841811,-0.07433658759639228,7.514237916795101,0
1.8759062336857284,0.7003097836434851,8.114744677717775,0
0.49852102983908475,0.12688760995188003,7.7428159694008745,0
1.3589398484363802,0.7327766685674202,7.358615743360202,0
1.4326535401430518,-0.10574522682762377,6.7402991928028975,0
2.121121682876306,0.6223872257974098,6.7791925129637844,0
1.4945240698402396,0.08732407070636444,7.804703196951382,0
1.6597442337935897,0.6335361416469061,6.827979025220608,0
1.6217814202155554,0.69888269485245,6.741483015639438,0
1.804899697807211,0.8141843172354222,7.248295839996545,0
2.0208640789184473,1.4990308261452878,6.937416038036789,0
2.2523720938510836,-0.2766712784637376,7.343157997170388,0
1.3389323188119286,0.5100951305991798,7.566920506537403,0
2.462321384395252,0.861412604080857,7.350061480314484,0
1.583123509311485,0.7564390775802895,7.933964216694403,0
0.8245005624212861,-0.2351036378544914,7.897188642151701,0
1.7047028369021218,1.172869106510547,7.282211042562027,0
0.5586937320952567,-0.8529250398225217,8.043976191243578,0
1.5867886480966407,0.8940561504385169,7.809348662963848,0
1.6820703188533452,0.03636893118573503,7.930213612712512,0
1.386136500904216,0.7672887596566853,6.07556064562397,0
1.5380121473131199,-0.38750385796813347,6.322504313836408,0
1.2464982232117734,0.4823904981638287,6.658106693317454,0
2.1870509473695137,0.10660745940690752,6.93905935617041,0
3.126079429122303,-0.1754347532618883,7.209315001975938,0
2.0083487073615602,0.7645734087410592,8.402695660447591,0
2.0482643072336764,0.604492522628101,7.734929969052548,0
1.8746873682192509,0.0951182246920328,7.554006489447602,0
1.7013164917342947,1.22855027423381,7.478016511209845,0
1.0943273615497784,-0.15148451107473548,6.877947689915096,0
2.484129228942849,0.8422025921191219,7.017910575407959,0
1.4323396501084975,0.5603590665752297,7.391214534789552,0
2.041160235104882,0.00349839619101755,7.506380778144511,0
0.6224693018440632,0.545050795652633,7.524461762901516,0
1.2153212694990527,0.1162833233350809,7.648920912067136,0
0.5218678351366384,-0.26513311023335384,6.697797064544295,0
1.4179996998267823,0.4566126088671087,7.501965603754359,0
2.374983754530089,0.34907992068745786,6.539405060530912,0
1.6663875353801654,-0.03211367213809169,7.367920875557946,0
1.6899697484881266,0.5965061811646233,8.159522816359182,0
0.9221703100632318,0.42643292230619995,8.149123215011207,0
1.8072635016387995,0.8596860021854869,8.053589271742467,0
1.0481925506939471,1.1169218791089872,6.777675525247837,0
1.4727563547434042,1.228897507995419,6.481853219869577,0
2.055155455766934,0.42427764717975514,7.468961140079856,0
2.0856653653831483,0.1156588391491945,7.842256011852146,0
1.4058171948789486,0.01454215725404534,6.964894799600842,0
1.880074267659778,-0.05528638287286014,7.530943863206867,0
0.86718487922939,0.20702505843351082,7.416958991648079,0
1.9428653049948572,0.17732941332258034,7.651577274850821,0
1.5305539346001338,0.4572297189851947,8.0449592738103,0
1.6403694914192453,0.427502070838119,6.604670089632076,0
2.1328041873975394,1.1776097362567357,7.8123761403661,0
1.9935900114618406,-0.07767848306904113,6.980417076974594,0
1.5727514887117688,0.4488293788868029,7.0000113850479435,0
1.8854610329798716,0.7744202356728385,7.098299326477631,0
0.6474970137845347,0.6307022674680445,5.8359289429169054,0
2.1164201866675563,0.5968445174217754,7.203487716421377,0
1.7202740097382005,-0.021588589292492355,7.9593919177624635,0
2.0367138851754034,-0.3318583282995189,7.569438725760192,0
2.5903220474294324,0.8247229715303501,7.962316190390378,0
1.2420499018312186,-0.5096656684934431,7.765938772990379,0
2.867634078034134,0.6070866027453449,6.9556911667922385,0
1.6342991556206825,0.20366622514537652,7.390287564406815,0
1.6536650976518854,0.5893662764427832,7.502097649254344,0
1.402776682092221,-0.03968229491927483,7.721953950867666,0
1.159551373459057,0.47190541851804957,7.97893005114579,0
1.0060990554137617,0.15897793053826997,8.122811675110931,0
1.242412499224107,-0.13004589441412862,7.65496744210736,0
1.8474340604495172,0.6713883876419047,7.588015295977114,0
2.35062017897107,0.12053765174376185,7.4503908426062555,0
1.489806736000517,0.6743103364666073,7.379835378291868,0
2.029580063617358,-0.33020797858799,7.524489379564057,0
1.4929853132945068,0.9342323925028784,7.974520993777778,0
1.980168064222767,1.4417399591006719,7.618522725730053,0
1.9742877544657758,1.416824774914767,7.249440697370586,0
1.5276293688484053,-0.20067347306106043,7.692112672825167,0
1.9687165466371919,0.05531813308015171,7.091540427441898,0
1.701899203637132,0.14929710207792374,8.075268892505608,0
2.5002286317800118,1.1609581403452693,7.947523441592153,0
0.8610434385944225,-0.5309622887344789,6.533350071430378,0
1.2911839576944282,0.47017783920373296,7.075969768914358,0
2.06548297226202,0.4855671567410594,7.36793825489536,0
1.4598412215574623,0.6415626685894076,7.781430736596231,0
1.2725335453151747,0.719320118668896,6.93411790647969,0
1.9544391499587588,0.5665667340723526,8.30293738567182,0
1.486454194685078,0.6126067554901361,7.899640895563803,0
0.9721861726788473,0.7108510029440769,7.637230746424144,0
1.8794350896367222,0.5312796662410564,7.472057150887089,0
1.4171914070739908,0.6502157636887093,6.682532368959668,0
2.493960573649863,0.29511884333528804,7.28338236060796,0
1.8079926159729618,0.030223418962848914,7.525226960063359,0
2.146068697150307,0.2217269417394965,7.186631834521505,0
0.8032779013016119,0.22747908767585717,7.291320498510005,0
1.525476887202543,-0.12654724758410885,7.043103295592901,0
1.2052651227487532,0.16468373705832362,7.788595556851684,0
1.3125019042303094,-0.270081533203153,7.569743945108553,0
1.3913870283090266,0.18410876239521806,7.595253221554282,0
1.0646490183210013,-0.05202948303262511,6.208006666048125,0
1.5008383212695535,0.1729492625642285,7.116822767750226,0
1.7638016578748956,0.4619763755256791,6.040540348371952,0
2.16973087573979,0.737613700816218,7.190126227155739,0
1.0470611892951176,1.0460010006482332,6.993650424926199,0
1.516654046184094,0.43500809458872364,7.200416023264226,0
1.8664820367890826,0.8230159733530968,8.384868797140566,0
1.6570996081468565,0.5934338214696045,7.070554183050797,0
2.2557261132748505,-0.3398331391888705,7.393726690900045,0
2.0170961249493313,0.7644073909374243,7.772599190643482,0
1.9584595177575812,0.7723675299417772,6.567317317924722,0
1.326016934915781,0.786543774485778,8.025008944101351,0
1.646847136076139,0.6972581939260277,7.443675261768496,0
1.004478965503117,-0.9645180913405975,7.287684238351381,0
1.227720422522144,1.0710350636869723,6.660012968789991,0
2.090464995758241,0.7719937252451557,7.5600849223319635,0
1.6180100703236233,0.5702353310175978,7.277430223900345,0
1.6120516872268713,0.1578042762854599,7.560666622356757,0
9.840667481629284,4.284129138330232,4.99645255140175,1
9.901252843621492,3.7597545441259594,5.995447773681667,1
9.772299090413885,4.8204678209622,5.722008781150154,1
9.354882157792487,4.706756439266594,5.621372276990831,1
9.723976386879357,3.877916451371377,5.060883954270542,1
9.026236287120339,4.87277895989329,4.188597244837841,1
10.301898269415911,4.277774965034717,5.66835989410319,1
8.624586140095115,4.827337597244444,5.06698239217786,1
9.493263603666895,4.94040969742002,5.6487704166180395,1
9.353309951119014,3.96843761638393,5.771928950453506,1
9.44295102971642,4.5303301669195095,5.029625806689895,1
9.25334956611052,4.119660284021758,5.357845717572056,1
8.777751644549667,4.951749566880479,5.086960420575505,1
9.273570471737068,4.161912412818276,4.969564856196928,1
8.647971816186528,4.009370591135255,5.594951227779537,1
9.55113436994917,5.417642464353243,5.8190673965132635,1
8.876208088216822,4.781451491517499,5.065705964705417,1
9.25141892836664,5.004039232770358,4.8809321637365155,1
9.420968578832184,5.075577779907384,4.681156664772002,1
9.519788501978118,4.597528241832326,4.319209785701424,1
10.157024083816083,3.5415176208657977,5.386380726459049,1
9.693092389339068,4.2753370211113735,5.343526390148523,1
8.983191188713375,4.0500936743125555,4.891507320905782,1
8.921339054697844,5.46508001157016,5.679056828761608,1
9.623143762658854,4.507252003868642,5.185710616886709,1
9.528733033081178,4.540899003870225,4.8711638716939945,1
9.349557250048413,4.09183147855477,5.394309384648823,1
9.780842872668831,4.946589057723208,5.053990771284432,1
9.880339383817823,5.550541391194432,5.443588985143061,1
9.83622937193827,4.5664972975947,5.578232903592087,1
9.185585100625806,4.99527228396514,4.590590833049726,1
10.146358954177892,3.874904215466958,5.577235055176802,1
9.770521623810673,3.652063294065,5.083964845548378,1
9.97397713878722,4.988491142356754,5.902664402125389,1
8.602969545788678,3.9084696015391263,4.542570638858473,1
9.120931417767812,4.984431180369505,4.989008100154428,1
9.319424447396969,4.556606607191257,5.106713817465287,1
9.27544989294013,4.720014282499861,5.704399981329652,1
9.345404919649106,4.633228439749486,5.167929853014501,1
9.321834929326997,5.098378336093741,5.734782373793706,1
8.9838070875492,4.272736375671864,5.930305000398215,1
9.46822719958355,3.946797041293567,5.6250781863769,1
8.682491506574353,4.104250897805716,5.028713532518584,1
9.282593201562106,4.431708882105009,5.204885848925375,1
10.156609177963368,4.28381230002159,5.006524045075116,1
8.992484011881968,4.226245743400137,7.024869524530141,1
9.038644030105198,5.287103947707385,5.114286382895148,1
9.63486734288669,4.234971512936183,5.71393479380473,1
9.007447268688525,5.248837164000197,6.179066499975107,1
9.034634584303385,4.124227928529733,5.646206641971372,1
9.308532174751967,3.4398573758053144,6.494415120617745,1
9.286163431130236,4.6534124887858646,4.291208190292735,1
9.057493300932176,4.130732217765191,4.97561766622707,1
10.128160083300667,4.854969872508897,5.6055165635329995,1
9.232957813083479,5.600699784238563,5.021363384937773,1
9.850310580722574,5.14218495259167,4.118251375405843,1
9.147038237392294,4.431434601606233,5.486073621741051,1
9.071480139119137,4.410381478548402,4.891938505545932,1
9.18679517797766,3.9579622965928887,4.935553288633568,1
9.712932244300651,4.540375260960389,4.828728831721006,1
8.990352248307032,4.235776649564093,4.158051637920165,1
9.32309664124485,4.578662331554077,5.734793413967324,1
9.428557945138115,5.217335245366164,5.571606885887899,1
9.319625365486575,4.478544768040713,5.570241571467525,1
9.185770496330221,4.943510751549356,4.2698645391191805,1
9.542963744969134,4.775528879862426,5.5136286196470365,1
9.088696671554901,4.729382412222671,6.040131030539141,1
8.214890895034461,4.592181639683424,5.662461863937149,1
8.976086758345925,3.7479669142966276,5.53298875881,1
9.327951306719978,4.354923589542281,5.834789907296472,1
9.202939006518463,4.336148976403471,4.721691011921612,1
9.531717599762818,4.255035690499636,5.729256656909334,1
9.413020609940224,4.685727020914157,5.724138868127748,1
8.67372849026833,4.268552998891094,5.138598475145494,1
10.262061243587615,4.119000029855004,4.201164577826608,1
8.553723248546342,4.402996594945926,4.701834097961116,1
9.15731768139864,3.8720968687235153,5.239594114049875,1
9.4044021031046,4.7069072369322855,4.497148838859117,1
9.563911117796943,4.963631765453833,6.736580222625607,1
10.445597153678992,4.3553675594760355,4.543959126725417,1
7.641136172598267,4.701645347825369,5.143491777349628,1
9.695925056231621,3.805272224911777,5.010856086011335,1
9.778599363672258,5.394656455361224,4.933890670642693,1
9.481654893049678,4.871422615763174,5.17287024511662,1
9.280105522121524,4.851632806183342,6.061324391151939,1
9.22705176677394,4.716032718702254,5.760688525987709,1
9.866785410425951,4.278024656071325,5.975118795188562,1
9.302870242551956,5.055292249998473,5.009893733263155,1
8.657357694499147,3.903622272434577,4.848517315788989,1
9.713443985973077,4.58822370547874,4.191060319990473,1
9.970193181979313,5.051098603082841,4.689210719066725,1
9.19054366522004,4.20117020249551,5.176218309340222,1
8.83437163414874,5.129535957486676,5.794682733872403,1
9.316971738975193,4.065203730659595,5.920613319957115,1
9.789086973021218,4.2722341199130875,6.635518620270512,1
10.076821937499233,4.722032108822433,6.3730244399357785,1
9.48042420461996,4.948223984855005,5.148056497858885,1
9.689383946318143,3.8593496467970407,5.845301300237601,1
9.988178204698334,4.509134791384962,4.948921300781566,1
9.089222997116034,4.295831636149266,5.346334173461555,1
8.40071687129575,4.543440085062672,4.866520324911197,1
9.601555378489657,4.35921976066813,5.313241725857685,1
9.92877014692456,5.220579710470464,4.478022849211023,1
9.635333180833868,4.840709887488065,5.241760449134337,1
8.622436511584015,4.536189839936008,5.071726243125171,1
9.68459950737471,4.4968015189905355,4.62086737229902,1
8.762553143451402,5.4117861980612645,5.316404269702628,1
9.086423745517397,5.317224019145476,5.103528037912404,1
8.834290883765163,4.188187486690092,4.902613927734348,1
9.154717707288976,4.824929641664905,5.268589522880736,1
9.661096756154324,4.593754527815948,4.643256377016909,1
9.689958468001478,4.6033105670109915,5.094967696163697,1
9.691926100331138,4.166018717883262,5.143804917797147,1
9.287979763801163,3.51851301095783,5.24564730322884,1
9.508257880865568,4.7785672617614425,5.208093851523055,1
9.404448597735657,4.331766849431663,5.272603706317793,1
8.593699066750927,4.790962589477809,5.431481580446396,1
9.256870380077425,4.317248886645277,5.5435024802978266,1
9.298727729181289,4.132462854125388,5.6552667932911245,1
9.449274788256098,4.713445307839795,4.966674823680037,1
10.232987461774409,4.354045556563466,5.7533149598035775,1
9.613363103205618,4.403219409684098,4.727066435071003,1
8.460925701224324,3.9688696377746413,4.6768561567074745,1
9.453587994416713,4.118219923644752,5.778934484273524,1
9.721245674966577,4.12538681803381,4.781710812566388,1
9.578653696708374,5.448973216655318,5.109176863021049,1
9.52228539155536,5.152115864800058,5.210090980682255,1
9.512825949967452,4.209800772661065,5.742497380198503,1
9.363780739269446,5.084224108545418,5.8513851503629475,1
9.949316091245885,5.095407467946444,4.720627652689694,1
9.889441742164745,3.7541150991830388,4.369223949652987,1
8.168236105935542,4.115484115213653,4.780042710283439,1
8.839976492141192,4.874596641175461,5.361501048194944,1
9.072023137054865,5.121649779051338,4.788984469223024,1
9.008317897545522,5.325899890085476,5.273310676500839,1
9.53622373263732,5.244050087903961,4.559800450747981,1
9.735526801495409,4.913694176836151,4.639224279450949,1
9.533566476917654,4.877926436056523,4.2848202022142114,1
9.128144207653419,4.034805586810781,6.661508626832751,1
8.827846126220614,5.04653075423201,4.21892518671968,1
9.449030985089054,3.812220776987737,4.839533958138688,1
9.190622722318324,4.480602939327951,4.745447487933968,1
9.1789278100902,4.492493004123552,5.820187092968954,1
9.49588746981965,4.872396736836423,5.190254174193644,1
9.585550273426962,3.8173869452154663,4.800105068068348,1
9.626744101505828,4.308612394326813,5.276964627686396,1
9.28946238879675,5.041886871998338,5.998370039407008,1
10.05004551578864,4.250698147466667,5.786062104249138,1
9.435131100259927,4.240800868035471,5.294689204756876,1
9.375559614667667,4.81056651929709,5.991455193742776,1
9.53507204771203,3.369431863678957,5.216998504936177,1
9.509660813144864,5.334367898407932,4.9522963234371815,1
8.824492542891422,4.042263229325321,5.57591009993982,1
9.07018995990222,5.031325320964379,5.268220304628339,1
10.093429885457924,5.5554505731931805,5.3994509529897154,1
9.352585425874652,4.395860825334989,5.968194869114837,1
8.540409793016133,4.337164186259404,5.52697440240776,1
9.356858828170877,4.42305841033027,4.02759612616562,1
9.425888519880589,5.217379588051887,5.852051130622131,1
9.231897065395657,5.105499257073436,5.316228480547814,1
9.264228609406805,4.0638469023083506,4.952655987206823,1
8.95684464439493,5.912162701577012,5.647700762120466,1
9.885283996093237,5.866573192869495,5.240305355765634,1
10.918436647341636,3.891168844789582,5.516946493231972,1
10.045877773088353,4.84498567178846,5.0045822573631495,1
9.158152391564382,4.465541571467362,4.236816176338262,1
10.089073579806996,4.6959814152406265,5.7507078495127155,1
9.601143496118107,3.839540468752884,5.264726702535505,1
8.878832655283535,4.082187637895038,5.727006234093234,1
9.842208313195089,4.893911467986126,5.219421412639126,1
9.116666898579773,4.5077196027748325,3.8221882947108714,1
9.510268407124636,3.692186207237669,4.595037487890699,1
9.486331688830763,3.9736558687600727,5.778982018900109,1
9.603632170563914,4.756746175173497,4.829571236979052,1
9.469583803555699,4.288556546014003,5.5160348052172985,1
8.42984699049421,4.553069764620207,6.002614456758632,1
9.179675264832674,5.663170899074148,5.502612309433079,1
9.736735685475265,4.296711928607231,5.0595471798880425,1
8.952838950751726,4.6843867167841085,5.226951359257864,1
9.459623472557164,3.871675404778249,6.312683272434981,1
9.079965192724158,3.611866141119507,4.394303634641167,1
10.582958431484661,5.039609220099166,4.60128783934276,1
8.877261511526932,5.323100062148712,4.502005358017591,1
8.846968572270566,4.807796333244009,5.4934787544158805,1
9.472038040463028,4.485107841908354,5.269928814845602,1
10.136555518199659,4.4047310879481465,5.7406394128547955,1
8.931690334553657,4.004399901867792,5.1537429151502,1
9.596504741653344,4.268117321630434,5.951639183049669,1
8.955524828186993,4.713246941570844,4.785118678503092,1
9.1728018475039,4.063673281623293,4.778610488435069,1
9.402697548474741,5.103660043155001,5.401630553309371,1
9.754673860849264,4.370232802452675,5.666038683759631,1
8.934200388664907,5.598350109586431,5.324388310206296,1
8.741953325097509,5.004429753450303,4.980194035714275,1
8.679364339757813,4.836825632831659,5.664963935622377,1
10.486022238779148,4.456204310187713,5.157990423328515,1
9.948033644361042,5.453653513411555,5.6975415032456596,1
9.387124755761088,4.7182107949492735,4.924954439361551,1
9.68157931449591,5.089507698056492,5.4088888433542515,1
9.265368669642362,4.6583451605260064,5.399643543060533,1
9.493407717451843,4.516355553010135,5.905371352936224,1
10.299318101868792,5.235536248167459,6.097006536811303,1
9.225783105857971,5.2301747881664875,5.145920302886162,1
9.33942613917357,4.928126669015293,5.1965042370959775,1
9.050505370531393,4.289983750336833,5.525065894969508,1
9.134880237143811,4.3266750791371145,5.388416855458533,1
9.629692769139814,4.613853053689962,5.728915373295245,1
9.51869645107261,4.597724963894345,5.09934403477614,1
8.957083795371396,5.096394457250159,4.294507631825459,1
10.023492341875846,4.708128824313696,4.944769495704068,1
9.695815355700391,5.536983372356573,5.397520231792578,1
10.358489608271134,5.13416024876148,5.426758382644325,1
8.918050318453961,4.820178546402842,5.064819100647046,1
9.399814641156889,3.9671885540139336,5.270933381087814,1
9.13017212541213,5.343758795420146,4.914888824313076,1
9.800978714576356,4.822149430868541,5.8415135539245755,1
9.619036097510383,4.2552489633165695,5.86035086426911,1
9.198106434999424,4.3101970265548095,5.1883451793747986,1
8.752169349499129,4.822439582986118,5.990459562008928,1
9.553939455148273,3.788289841591373,6.14650278169199,1
9.00606332544019,4.657190688643202,5.8030033932695275,1
9.566147350922826,4.186997115303122,5.198932145278969,1
8.636010886543247,4.848154110393297,5.855230598039032,1
9.64640866810283,4.45134579081007,4.675880214179178,1
8.864508097496888,4.417482571412106,5.592091166378906,1
8.855616440933469,5.411230668469182,5.593730394518686,1
9.756049224391852,5.1812769818348805,4.890012255670131,1
9.627510420171996,3.7584933965838703,5.5036361704064065,1
9.520375617300862,4.266952409850291,5.811767837978969,1
9.161737890400227,4.403557702702675,4.7445601952560805,1
9.330846788186799,4.829550702871345,5.7892116677683125,1
9.358543901693343,5.188130556820587,5.25618906104508,1
8.438789884660396,5.11714434488726,5.723280802980798,1
9.863862797129922,4.574492789951464,5.4444936513203865,1
9.39247902126347,3.847978385845466,5.774329207928663,1
8.47770687555289,3.955176427573449,4.847408248585195,1
9.63501557864395,4.7918667860127915,5.688013660212767,1
9.441515397064997,4.772604929155429,5.700970315532074,1
9.82488559027298,5.021741713659639,5.411383231205697,1
8.974178767668596,4.595075391118858,5.3588757470644275,1
9.993195465949956,4.953118628765495,5.82840688839004,1
8.889899315062875,4.368607646961448,5.5788270996209635,1
9.74768065812567,4.397990918507237,4.853173033929421,1
9.876661369139569,4.858139219749441,5.051248681034557,1
9.594253221583703,4.849206563276131,4.780926729573389,1
9.159008722694125,3.817175169667991,5.47098844519429,1
8.811040828529418,4.546193851876593,5.276779566433143,1
8.60718700484636,4.1133353873424685,5.0399241144825595,1
9.067873461996236,4.127906345654817,5.653741176817668,1
9.000576753747506,5.678077029468831,5.708104699251669,1
8.861287998723203,4.750713710764899,5.034015709714028,1
8.922373970133249,4.1632993371500335,5.121522991137877,1
9.480448081517865,4.993905011024583,4.777339767589611,1
8.900011460298954,4.772413756776794,5.164490734669494,1
9.566781256093787,4.923850918328654,5.3228207748013,1
9.914522975947193,4.393044304299863,5.0354227865259125,1
9.954309188792866,4.766091884146544,6.249755326280717,1
8.241638113609886,5.131287485378008,5.736704112004177,1
9.068814654612616,4.770149555598525,5.255979361333668,1
8.424004427037342,4.379980713496818,5.388955010551644,1
9.85107956019918,4.933133853026387,5.035580383867558,1
9.032858665123667,4.729006439637124,5.039368783489857,1
8.701383879944203,4.23725351501019,5.409088676637323,1
9.252817883319617,4.478678243055375,5.2112268865005325,1
9.854112591470312,4.58069511996989,5.726282747128463,1
9.156633347698605,5.232379952620056,4.879961952528389,1
9.46004501741044,4.911946646726848,5.177855084865828,1
8.958906594443336,5.0240700674871475,4.883768814781716,1
9.083510842405273,4.8031173025945275,5.026938474717067,1
9.672947925237471,3.4246298850717545,4.524100874966276,1
9.567210123832076,4.834816089021369,6.301421141546682,1
9.458998843532779,4.19004643626529,5.502683133362243,1
8.979651117078326,4.797039544169264,5.041690185423462,1
9.182267977939803,4.998286328799998,4.867376542080288,1
10.232147949467423,4.388388637861058,4.250148964897616,1
8.557685490875524,5.598512003110355,5.471187634183081,1
9.439752137206844,4.786413983587297,4.452130082028117,1
10.34061763218619,5.094780738100791,4.819943150652801,1
10.200376189803428,4.210743927859735,5.58814557904579,1
9.623769247999643,4.671214076681223,5.188961273193495,1
9.350061528001259,4.1232627445776595,5.308285459478859,1
9.936353557449683,5.026682006009322,5.386113203335609,1
8.445448103080293,4.502863190136644,4.529809549388607,1
9.231763453008316,4.65275887743966,5.439178365632547,1
9.094880923082737,4.071630677846192,5.010412719665018,1
10.042090161120178,4.431722809389689,5.899647026453466,1
9.23539865148032,4.56971938304352,5.471452943461512,1
8.993375427419583,4.782835668983656,5.019274924166048,1
9.236426314716388,4.078168251520664,5.041055592549145,1
9.130654798580036,5.0267604628442255,5.125911974687716,1
9.204931639158527,4.3818483307362275,4.8195186652808175,1
9.455132597932835,4.118084064262499,5.663249739221589,1
8.859090825824717,4.550676290339426,4.4983837400818745,1
9.540096385841,4.497319148760352,5.529582994711801,1
9.66220034010112,4.224965696880977,5.386846309874783,1
9.958652538556507,3.7421954498498775,5.0392370897592125,1
8.04517868531818,4.260815805633181,5.348159129406729,1
8.833356343843798,4.350059838843236,5.01227924651281,1
8.928576685406659,4.810331304401468,5.5389353635595615,1
9.027786828679462,5.059924992698324,4.887584156081678,1
10.530213477676726,4.675657364022547,5.660065865557007,1
8.651507171787578,5.015188222988591,5.246737557756082,1
10.272017695861965,5.789247428143604,5.694878729285833,1
9.366634860566135,4.7612679820084844,5.580714159619793,1
9.945258101143452,4.389915424484502,5.995037782494042,1
8.724508653733416,3.5842797624232494,4.96617966130154,1
9.139609010624525,5.042664368091706,4.655603023573993,1
9.911654543066376,4.17726800048382,5.374074663692109,1
8.787632394412318,4.499572371060342,5.916842234382867,1
9.32643759862424,3.8905542746371404,5.26562880558821,1
9.214925486883182,4.3601832888502585,5.389617413740447,1
8.79056055927967,4.184572152466092,6.590190563395739,1
9.866451499834863,4.186773720744492,5.2156742041165245,1
9.594582461142647,3.646071595449088,5.880692296922614,1
9.909972451066826,3.758919440045618,4.670874829855889,1
9.05939343302156,4.241775052245818,5.152214167413268,1
8.846301054597077,4.743876874578251,4.720659885933646,1
9.07890193274144,4.873398999412957,4.307488631969235,1
9.143452357983179,4.213347528918745,5.217590821051052,1
9.684465659311225,4.847813201413691,5.267903038777939,1
9.117613352763735,5.11960132665613,4.890678586160634,1
9.990623776768963,5.434809959093929,5.80218382850748,1
9.708167418285736,4.371805426933889,5.7072351086026325,1
8.946734320834919,4.317416421346991,4.893057056653379,1
9.09159114052745,5.185412025553054,5.86373331572585,1
9.281877537245997,4.9748788469417295,6.0807365248258565,1
9.726198137596205,4.574025539288412,5.047142285229908,1
9.434451551931128,4.244139991203577,5.161967494567238,1
8.817646955914165,5.514618927646195,5.386969135390115,1
8.672476477249422,4.244906910142903,4.080332280564107,1
8.337217173542568,4.854139993510906,5.258897056211133,1
8.876245647400276,4.7034725614388995,5.0833805694365095,1
8.695220079619562,4.86165267911586,4.336092406215943,1
9.369596858874536,4.732760103075247,5.228373776303491,1
9.31780844623242,4.720333434062084,5.960279539481531,1
8.66301650056022,4.536192047158265,5.254547036724273,1
8.66009823419357,4.861618964559145,5.4339016776213045,1
8.387034661403215,5.516644781674476,5.6446714002857306,1
8.870156973685216,5.841306069080334,4.981066283765891,1
9.613853483151535,5.112268149495052,5.100370103374017,1
9.299449120349129,4.880248860179207,5.317227638125815,1
8.796874234439644,4.547433601077693,4.908462874723307,1
9.610764614203179,4.429335466688005,4.739248646312025,1
9.199960088064664,4.653189891221023,5.5686331771884205,1
9.460012804091617,4.927314620189903,5.800154725663161,1
9.21876719596841,4.8011792423131565,5.112959653106486,1
9.20274775669798,5.0616181771137105,5.067268886709979,1
8.989866229027054,4.494005971599248,5.3842483544444075,1
10.294064845262444,4.939292086211942,5.193990254347027,1
8.660194992885664,5.205422206876186,5.843428021831709,1
9.036780354229581,4.4590857475103665,5.437677183357709,1
9.89768566038909,5.116342679863107,5.547584390636826,1
9.399359722423585,4.530400152253825,5.595124196692919,1
9.59037439916815,4.37784876795594,5.160045802129711,1
9.261590511330834,4.424332709726046,4.845595680581291,1
9.453240660487982,5.326451445679904,5.4044376379572725,1
9.360785621623696,3.5501662631264743,4.861119138922496,1
9.787101201141619,4.742700786292289,4.634399010855463,1
8.73308860494503,4.4757927960259565,5.1660725783514065,1
9.487435399467005,5.031512198740312,5.891093871933542,1
9.992000860724803,5.233314279771499,5.44689512779005,1
8.925052611798888,5.555721834436207,4.835604884961777,1
9.159003988539675,4.609750895266423,5.771296719951321,1
8.232871282803755,4.852726166950913,4.833203103962434,1
8.993115112576318,5.213102906245581,5.5241926036456865,1
8.804684336640282,5.709962315858502,4.305125126303617,1
9.395694155623714,4.469009140781698,4.889956536441972,1
10.120270017612043,4.521185438985928,5.345700825130838,1
9.740575195207459,4.301832220428284,4.964088365645886,1
9.300211378971483,5.113826537655158,5.5875171196115225,1
8.978211237111974,4.379939395766445,6.332472174203367,1
9.359643225168549,4.513663481668658,5.588131614462902,1
9.058633728472016,4.718514730207347,5.4093052775723,1
9.437902860077518,4.257491443867415,4.522843171947799,1
9.837970778017707,3.8890970518428167,5.2206251960645815,1
8.893262688561265,4.452326680930609,4.8451917931625355,1
9.00472852379582,4.601285827928198,6.0064637243827805,1
9.578080176702663,4.523532593437831,5.187325292758006,1
9.678527840657589,4.502933501846709,5.827387512670256,1
9.18635073648428,4.845469729544417,5.481541544382279,1
10.059366799566057,6.042398362193705,5.596624809902668,1
9.663662777152947,4.461397348166101,5.253959115963335,1
9.061889551469237,5.3023673433991885,5.277932933703013,1
8.121733066588948,4.638153732295467,5.979584908313693,1
8.577400038159414,5.37992119081538,5.030004408020153,1
9.339228408170706,4.648920018194414,5.0635543150908795,1
9.752230875058034,4.728571784524463,5.179424738352923,1
9.338659720869684,4.661970623288756,5.145277754324781,1
9.298946894438798,4.7479563999646,4.482819436073088,1
9.58157369044868,5.135259324906343,5.56764680531581,1
9.036877847109798,5.328545373458598,5.0639450381361275,1
9.774958823825823,4.67254865252227,4.950201703323092,1
9.16362584572632,4.378783044053031,5.15378451644039,1
9.353364784401426,5.106240524262642,6.099414197650697,1
9.350796497712958,5.025858775097638,4.803686055697527,1
9.43434486659055,3.8565457255812374,5.242525484136855,1
9.341831140242158,4.154781259223206,5.739883775175281,1
8.257480624148833,4.7291029881977655,4.770288750017734,1
9.31513948144229,5.068606722721317,6.580969431577544,1
9.086808831765188,4.5426695770881445,5.412055850506314,1
10.000573648182264,4.6413493225124425,5.208826582757645,1
9.470048942116382,4.632914449785386,5.457382121531002,1
10.200915815770514,5.574044164641329,4.806767643936414,1
8.970240877221583,5.190237557869843,5.793393535234461,1
11.322727818456023,5.122012526845968,5.071030877919296,1
9.209441922102775,5.21388914756097,4.831025519474233,1
8.68214135068802,4.59340395731282,5.194578488754379,1
8.880323268702584,5.293577120402075,5.713852741172259,1
8.428594123431933,4.230043604817707,4.623857100016709,1
10.153571923633745,4.732083178646035,5.327649868980964,1
9.882131603207092,5.06348648550694,5.647218526883126,1
9.38784292591373,4.414733813063765,5.130282459534735,1
10.64781416478957,5.490914577235997,5.651215913667948,1
8.883090587090475,4.726731239413203,5.284637049512882,1
9.021922730724192,4.018283969975637,5.510732977702715,1
9.195771452306397,4.1789543141506895,4.848385131859324,1
9.050988397197296,4.259258569234546,4.2265990753314515,1
9.416065651781889,4.24888910513938,5.959575018869076,1
9.03241158808388,4.547494639645307,4.772351270111769,1
9.99036557039495,4.5956079218524994,6.300022366644258,1
8.774834512732522,5.20191235368145,4.889671041549345,1
8.433518973373067,4.497184145925371,5.3240408988778265,1
9.962800665874417,5.0397186075916895,5.782291180423112,1
9.197626630172866,4.652116618721299,5.846210866275882,1
8.651955064258681,5.881117290688934,5.752268370769203,1
9.203068491882338,4.340923011230609,5.377465887973697,1
9.743034550787819,5.012877548844069,4.869131070716661,1
9.20562751122855,5.7412690377928355,4.94419946800682,1
9.337971928617804,5.208514742192747,4.789433725835543,1
9.856578370512809,4.187053764370991,5.078295590344225,1
9.409412851857775,4.934417258958186,5.709082972016143,1
8.676169623836287,3.807092693059304,5.25723413277197,1
9.656283397040196,5.397212538725611,5.789478516409908,1
9.933547120803539,5.105605868412994,5.0752211472831705,1
9.592512243798971,4.562932034210813,5.454933381571429,1
8.85287775232573,4.432341584542652,5.935665503410521,1
9.757446451200414,5.277717199946572,4.945069194395783,1
9.559146428991117,3.8233393196428196,5.700326666606602,1
9.334808415885538,4.176778757516259,6.268881082645409,1
9.705343214379091,5.347406363376629,5.191447089939431,1
8.846103674468075,4.718322272595655,6.2578025290214665,1
10.32434142799951,5.793727015488322,4.700517015478327,1
9.75985622888258,4.235218458682864,6.351385190376154,1
9.839409294439857,5.041393741749074,4.357541176123672,1
9.386508479954722,5.68003666140475,4.721358426272502,1
8.791646042942387,4.318808704151739,5.984265981166595,1
8.859754900322468,4.939908693939162,5.2198921086816075,1
10.107133001499873,4.504542609688024,4.315299301511264,1
8.822451082479597,4.371898870063233,6.162319479652814,1
8.153231075183353,4.642237910779186,5.283951373654156,1
8.359099293906604,4.500998095752727,5.1224557825101735,1
9.802359085203435,4.405607398656452,4.070962548489809,1
9.727932592185443,3.705929510163317,5.909574196269618,1
9.971281029250441,4.4522840529588565,4.9317555320818105,1
9.18138096765864,5.35635433315015,5.328899598998767,1
9.530799099792793,3.9263244598286864,5.034379060455941,1
9.736205339297847,5.400523269001855,6.375167880068924,1
9.891451015801023,5.170875672908134,6.071125620639593,1
9.987247256346006,4.044734812899997,5.473355283053651,1
8.905568771016185,4.125512898787289,6.338893052221374,1
9.43175607325306,4.781011815686361,4.846748992664021,1
9.548051561531427,5.102747722126205,5.331274336935009,1
9.462710762614318,4.490702651760651,6.016253228904191,1
8.59068396409938,3.769026725740951,4.845300133811341,1
8.7619910411402,4.819334501685045,5.552991840483632,1
9.244054812705139,4.01385167174463,4.1810872916735,1
9.451933192715655,4.587239095967359,5.677715167422743,1
9.947722648841397,3.7657596526275725,5.873088815422498,1
8.632748820199165,4.107492243216403,5.558220939307712,1
9.13861001582624,3.8966442130578276,5.95204329803342,1
9.280869260109759,5.342632315476572,5.324815691373484,1
8.928542663352435,5.0278193180244415,5.056765089626055,1
9.326262575825675,4.817947768685522,4.913626225718713,1
9.078623637680579,4.388453791758818,5.583671844598051,1
9.985454113112281,5.177793471318339,4.902761295262056,1
8.853562082753935,4.531633326954856,5.962893208682573,1
9.71520841308458,5.196432978648199,4.782253837578786,1
8.504276780257436,5.0545172459955054,4.714357478121251,1
8.998290261775182,5.361642451193935,6.186991839163527,1
9.476334668972894,4.289215776642113,5.022309762599523,1
9.45002901253517,4.006618694755743,4.955328017316939,1
8.76670880333875,5.310543523065894,5.702602334123868,1
9.738265255714117,4.145578665407631,5.699625560094832,1
10.174015705906845,4.607217862198877,5.0806617453351,1
9.490644266609598,4.0653175467708955,4.492323466243789,1
9.876165024296233,2.676934994541468,5.459307455718294,1
9.175368187335511,4.617592169759278,5.3686441931992555,1
9.012258965560434,4.598355170400186,6.095427189424238,1
9.358186090382047,4.416540188330775,5.665262811630268,1
8.891841072162782,5.105233440145985,6.311599249433533,1
9.372418212999738,4.691441845107787,4.794151868311907,1
8.980607813692165,4.991516381037384,5.370405011727119,1
9.232812060994974,5.123044401922456,5.434865715980531,1
9.669664864117676,5.396628391574106,4.954925477991726,1
8.405290928743996,4.646690785963336,4.664285632611207,1
9.033419703154728,4.965389403613559,4.900865837599732,1
8.313453724805791,5.256705811246138,4.601056153042211,1
9.262528703144115,6.39207884248413,5.188446861428808,1
8.756530689882819,4.481663873478711,5.333188507302337,1
